step,time(s),sat_id,pos_x(km),pos_y(km),pos_z(km),vel_x(km/s),vel_y(km/s),vel_z(km/s),fuel(kg),formation,strategy
0,10.00,1000,42170803.754343,-31685.121954,42464.883564,0.000000,7546.000000,0.000000,1000.00,0,0
0,10.00,1001,42157951.027386,-49433.173286,40234.439222,0.000000,7546.000000,0.000000,1000.00,0,0
0,10.00,1002,42163547.941037,38661.277429,-20282.329081,0.000000,7546.000000,0.000000,1000.00,1,0
0,10.00,1003,42172323.901360,40713.518388,32594.539415,0.000000,7546.000000,0.000000,1000.00,1,1
0,10.00,1004,42154326.011432,-77133.968811,-54415.263482,0.000000,7546.000000,0.000000,1000.00,1,1
0,10.00,1005,42162018.887885,-111062.865966,-58678.679696,0.000000,7546.000000,0.000000,1000.00,1,1
0,10.00,1006,42164258.647888,101733.670408,16895.974889,0.000000,7546.000000,0.000000,1000.00,1,2
0,10.00,1007,42164485.743801,-1925.103903,70916.253583,0.000000,7546.000000,0.000000,1000.00,0,2
0,10.00,1008,42164534.899584,80974.150883,-14965.706686,0.000000,7546.000000,0.000000,1000.00,1,2
1,20.00,1000,42170803.754343,-31685.121954,42464.883564,0.000000,7546.000000,0.000000,1000.00,0,0
1,20.00,1001,42157951.027386,-49433.173286,40234.439222,0.000000,7546.000000,0.000000,1000.00,0,0
1,20.00,1002,42163547.941037,38661.277429,-20282.329081,0.000000,7546.000000,0.000000,1000.00,1,0
1,20.00,1003,42172323.901360,40713.518388,32594.539415,0.000000,7546.000000,0.000000,1000.00,1,1
1,20.00,1004,42154326.011432,-77133.968811,-54415.263482,0.000000,7546.000000,0.000000,1000.00,1,1
1,20.00,1005,42162018.887885,-111062.865966,-58678.679696,0.000000,7546.000000,0.000000,1000.00,1,1
1,20.00,1006,42164258.647888,101733.670408,16895.974889,0.000000,7546.000000,0.000000,1000.00,1,2
1,20.00,1007,42164485.743801,-1925.103903,70916.253583,0.000000,7546.000000,0.000000,1000.00,0,2
1,20.00,1008,42164534.899584,80974.150883,-14965.706686,0.000000,7546.000000,0.000000,1000.00,1,2
2,30.00,1000,42170803.754343,-31685.121954,42464.883564,0.000000,7546.000000,0.000000,1000.00,0,0
2,30.00,1001,42157951.027386,-49433.173286,40234.439222,0.000000,7546.000000,0.000000,1000.00,0,0
2,30.00,1002,42163547.941037,38661.277429,-20282.329081,0.000000,7546.000000,0.000000,1000.00,1,0
2,30.00,1003,42172323.901360,40713.518388,32594.539415,0.000000,7546.000000,0.000000,1000.00,1,1
2,30.00,1004,42154326.011432,-77133.968811,-54415.263482,0.000000,7546.000000,0.000000,1000.00,1,1
2,30.00,1005,42162018.887885,-111062.865966,-58678.679696,0.000000,7546.000000,0.000000,1000.00,1,1
2,30.00,1006,42164258.647888,101733.670408,16895.974889,0.000000,7546.000000,0.000000,1000.00,1,2
2,30.00,1007,42164485.743801,-1925.103903,70916.253583,0.000000,7546.000000,0.000000,1000.00,0,2
2,30.00,1008,42164534.899584,80974.150883,-14965.706686,0.000000,7546.000000,0.000000,1000.00,1,2
3,40.00,1000,42170803.754343,-31685.121954,42464.883564,0.000000,7546.000000,0.000000,1000.00,0,0
3,40.00,1001,42157951.027386,-49433.173286,40234.439222,0.000000,7546.000000,0.000000,1000.00,0,0
3,40.00,1002,42163547.941037,38661.277429,-20282.329081,0.000000,7546.000000,0.000000,1000.00,1,0
3,40.00,1003,42172323.901360,40713.518388,32594.539415,0.000000,7546.000000,0.000000,1000.00,1,1
3,40.00,1004,42154326.011432,-77133.968811,-54415.263482,0.000000,7546.000000,0.000000,1000.00,1,1
3,40.00,1005,42162018.887885,-111062.865966,-58678.679696,0.000000,7546.000000,0.000000,1000.00,1,1
3,40.00,1006,42164258.647888,101733.670408,16895.974889,0.000000,7546.000000,0.000000,1000.00,1,2
3,40.00,1007,42164485.743801,-1925.103903,70916.253583,0.000000,7546.000000,0.000000,1000.00,0,2
3,40.00,1008,42164534.899584,80974.150883,-14965.706686,0.000000,7546.000000,0.000000,1000.00,1,2
4,50.00,1000,42170803.754343,-31685.121954,42464.883564,0.000000,7546.000000,0.000000,1000.00,0,0
4,50.00,1001,42157951.027386,-49433.173286,40234.439222,0.000000,7546.000000,0.000000,1000.00,0,0
4,50.00,1002,42163547.941037,38661.277429,-20282.329081,0.000000,7546.000000,0.000000,1000.00,1,0
4,50.00,1003,42172323.901360,40713.518388,32594.539415,0.000000,7546.000000,0.000000,1000.00,1,1
4,50.00,1004,42154326.011432,-77133.968811,-54415.263482,0.000000,7546.000000,0.000000,1000.00,1,1
4,50.00,1005,42162018.887885,-111062.865966,-58678.679696,0.000000,7546.000000,0.000000,1000.00,1,1
4,50.00,1006,42164258.647888,101733.670408,16895.974889,0.000000,7546.000000,0.000000,1000.00,1,2
4,50.00,1007,42164485.743801,-1925.103903,70916.253583,0.000000,7546.000000,0.000000,1000.00,0,2
4,50.00,1008,42164534.899584,80974.150883,-14965.706686,0.000000,7546.000000,0.000000,1000.00,1,2
5,60.00,1000,42170803.754343,-31685.121954,42464.883564,0.000000,7546.000000,0.000000,1000.00,0,0
5,60.00,1001,42157951.027386,-49433.173286,40234.439222,0.000000,7546.000000,0.000000,1000.00,0,0
5,60.00,1002,42163547.941037,38661.277429,-20282.329081,0.000000,7546.000000,0.000000,1000.00,1,0
5,60.00,1003,42172323.901360,40713.518388,32594.539415,0.000000,7546.000000,0.000000,1000.00,1,1
5,60.00,1004,42154326.011432,-77133.968811,-54415.263482,0.000000,7546.000000,0.000000,1000.00,1,1
5,60.00,1005,42162018.887885,-111062.865966,-58678.679696,0.000000,7546.000000,0.000000,1000.00,1,1
5,60.00,1006,42164258.647888,101733.670408,16895.974889,0.000000,7546.000000,0.000000,1000.00,1,2
5,60.00,1007,42164485.743801,-1925.103903,70916.253583,0.000000,7546.000000,0.000000,1000.00,0,2
5,60.00,1008,42164534.899584,80974.150883,-14965.706686,0.000000,7546.000000,0.000000,1000.00,1,2
6,70.00,1000,42170803.754343,-31685.121954,42464.883564,0.000000,7546.000000,0.000000,1000.00,0,0
6,70.00,1001,42157951.027386,-49433.173286,40234.439222,0.000000,7546.000000,0.000000,1000.00,0,0
6,70.00,1002,42163547.941037,38661.277429,-20282.329081,0.000000,7546.000000,0.000000,1000.00,1,0
6,70.00,1003,42172323.901360,40713.518388,32594.539415,0.000000,7546.000000,0.000000,1000.00,1,1
6,70.00,1004,42154326.011432,-77133.968811,-54415.263482,0.000000,7546.000000,0.000000,1000.00,1,1
6,70.00,1005,42162018.887885,-111062.865966,-58678.679696,0.000000,7546.000000,0.000000,1000.00,1,1
6,70.00,1006,42164258.647888,101733.670408,16895.974889,0.000000,7546.000000,0.000000,1000.00,1,2
6,70.00,1007,42164485.743801,-1925.103903,70916.253583,0.000000,7546.000000,0.000000,1000.00,0,2
6,70.00,1008,42164534.899584,80974.150883,-14965.706686,0.000000,7546.000000,0.000000,1000.00,1,2
7,80.00,1000,42170803.754343,-31685.121954,42464.883564,0.000000,7546.000000,0.000000,1000.00,0,0
7,80.00,1001,42157951.027386,-49433.173286,40234.439222,0.000000,7546.000000,0.000000,1000.00,0,0
7,80.00,1002,42163547.941037,38661.277429,-20282.329081,0.000000,7546.000000,0.000000,1000.00,1,0
7,80.00,1003,42172323.901360,40713.518388,32594.539415,0.000000,7546.000000,0.000000,1000.00,1,1
7,80.00,1004,42154326.011432,-77133.968811,-54415.263482,0.000000,7546.000000,0.000000,1000.00,1,1
7,80.00,1005,42162018.887885,-111062.865966,-58678.679696,0.000000,7546.000000,0.000000,1000.00,1,1
7,80.00,1006,42164258.647888,101733.670408,16895.974889,0.000000,7546.000000,0.000000,1000.00,1,2
7,80.00,1007,42164485.743801,-1925.103903,70916.253583,0.000000,7546.000000,0.000000,1000.00,0,2
7,80.00,1008,42164534.899584,80974.150883,-14965.706686,0.000000,7546.000000,0.000000,1000.00,1,2
8,90.00,1000,42170803.754343,-31685.121954,42464.883564,0.000000,7546.000000,0.000000,1000.00,0,0
8,90.00,1001,42157951.027386,-49433.173286,40234.439222,0.000000,7546.000000,0.000000,1000.00,0,0
8,90.00,1002,42163547.941037,38661.277429,-20282.329081,0.000000,7546.000000,0.000000,1000.00,1,0
8,90.00,1003,42172323.901360,40713.518388,32594.539415,0.000000,7546.000000,0.000000,1000.00,1,1
8,90.00,1004,42154326.011432,-77133.968811,-54415.263482,0.000000,7546.000000,0.000000,1000.00,1,1
8,90.00,1005,42162018.887885,-111062.865966,-58678.679696,0.000000,7546.000000,0.000000,1000.00,1,1
8,90.00,1006,42164258.647888,101733.670408,16895.974889,0.000000,7546.000000,0.000000,1000.00,1,2
8,90.00,1007,42164485.743801,-1925.103903,70916.253583,0.000000,7546.000000,0.000000,1000.00,0,2
8,90.00,1008,42164534.899584,80974.150883,-14965.706686,0.000000,7546.000000,0.000000,1000.00,1,2
9,100.00,1000,42170803.754343,-31685.121954,42464.883564,0.000000,7546.000000,0.000000,1000.00,0,0
9,100.00,1001,42157951.027386,-49433.173286,40234.439222,0.000000,7546.000000,0.000000,1000.00,0,0
9,100.00,1002,42163547.941037,38661.277429,-20282.329081,0.000000,7546.000000,0.000000,1000.00,1,0
9,100.00,1003,42172323.901360,40713.518388,32594.539415,0.000000,7546.000000,0.000000,1000.00,1,1
9,100.00,1004,42154326.011432,-77133.968811,-54415.263482,0.000000,7546.000000,0.000000,1000.00,1,1
9,100.00,1005,42162018.887885,-111062.865966,-58678.679696,0.000000,7546.000000,0.000000,1000.00,1,1
9,100.00,1006,42164258.647888,101733.670408,16895.974889,0.000000,7546.000000,0.000000,1000.00,1,2
9,100.00,1007,42164485.743801,-1925.103903,70916.253583,0.000000,7546.000000,0.000000,1000.00,0,2
9,100.00,1008,42164534.899584,80974.150883,-14965.706686,0.000000,7546.000000,0.000000,1000.00,1,2
10,110.00,1000,42170803.754343,-31685.121954,42464.883564,0.000000,7546.000000,0.000000,1000.00,0,0
10,110.00,1001,42157951.027386,-49433.173286,40234.439222,0.000000,7546.000000,0.000000,1000.00,0,0
10,110.00,1002,42163547.941037,38661.277429,-20282.329081,0.000000,7546.000000,0.000000,1000.00,1,0
10,110.00,1003,42172323.901360,40713.518388,32594.539415,0.000000,7546.000000,0.000000,1000.00,1,1
10,110.00,1004,42154326.011432,-77133.968811,-54415.263482,0.000000,7546.000000,0.000000,1000.00,1,1
10,110.00,1005,42162018.887885,-111062.865966,-58678.679696,0.000000,7546.000000,0.000000,1000.00,1,1
10,110.00,1006,42164258.647888,101733.670408,16895.974889,0.000000,7546.000000,0.000000,1000.00,1,2
10,110.00,1007,42164485.743801,-1925.103903,70916.253583,0.000000,7546.000000,0.000000,1000.00,0,2
10,110.00,1008,42164534.899584,80974.150883,-14965.706686,0.000000,7546.000000,0.000000,1000.00,1,2
11,120.00,1000,42170803.754343,-31685.121954,42464.883564,0.000000,7546.000000,0.000000,1000.00,0,0
11,120.00,1001,42157951.027386,-49433.173286,40234.439222,0.000000,7546.000000,0.000000,1000.00,0,0
11,120.00,1002,42163547.941037,38661.277429,-20282.329081,0.000000,7546.000000,0.000000,1000.00,1,0
11,120.00,1003,42172323.901360,40713.518388,32594.539415,0.000000,7546.000000,0.000000,1000.00,1,1
11,120.00,1004,42154326.011432,-77133.968811,-54415.263482,0.000000,7546.000000,0.000000,1000.00,1,1
11,120.00,1005,42162018.887885,-111062.865966,-58678.679696,0.000000,7546.000000,0.000000,1000.00,1,1
11,120.00,1006,42164258.647888,101733.670408,16895.974889,0.000000,7546.000000,0.000000,1000.00,1,2
11,120.00,1007,42164485.743801,-1925.103903,70916.253583,0.000000,7546.000000,0.000000,1000.00,0,2
11,120.00,1008,42164534.899584,80974.150883,-14965.706686,0.000000,7546.000000,0.000000,1000.00,1,2
12,130.00,1000,42170803.754343,-31685.121954,42464.883564,0.000000,7546.000000,0.000000,1000.00,0,0
12,130.00,1001,42157951.027386,-49433.173286,40234.439222,0.000000,7546.000000,0.000000,1000.00,0,0
12,130.00,1002,42163547.941037,38661.277429,-20282.329081,0.000000,7546.000000,0.000000,1000.00,1,0
12,130.00,1003,42172323.901360,40713.518388,32594.539415,0.000000,7546.000000,0.000000,1000.00,1,1
12,130.00,1004,42154326.011432,-77133.968811,-54415.263482,0.000000,7546.000000,0.000000,1000.00,1,1
12,130.00,1005,42162018.887885,-111062.865966,-58678.679696,0.000000,7546.000000,0.000000,1000.00,1,1
12,130.00,1006,42164258.647888,101733.670408,16895.974889,0.000000,7546.000000,0.000000,1000.00,1,2
12,130.00,1007,42164485.743801,-1925.103903,70916.253583,0.000000,7546.000000,0.000000,1000.00,0,2
12,130.00,1008,42164534.899584,80974.150883,-14965.706686,0.000000,7546.000000,0.000000,1000.00,1,2
13,140.00,1000,42170803.754343,-31685.121954,42464.883564,0.000000,7546.000000,0.000000,1000.00,0,0
13,140.00,1001,42157951.027386,-49433.173286,40234.439222,0.000000,7546.000000,0.000000,1000.00,0,0
13,140.00,1002,42163547.941037,38661.277429,-20282.329081,0.000000,7546.000000,0.000000,1000.00,1,0
13,140.00,1003,42172323.901360,40713.518388,32594.539415,0.000000,7546.000000,0.000000,1000.00,1,1
13,140.00,1004,42154326.011432,-77133.968811,-54415.263482,0.000000,7546.000000,0.000000,1000.00,1,1
13,140.00,1005,42162018.887885,-111062.865966,-58678.679696,0.000000,7546.000000,0.000000,1000.00,1,1
13,140.00,1006,42164258.647888,101733.670408,16895.974889,0.000000,7546.000000,0.000000,1000.00,1,2
13,140.00,1007,42164485.743801,-1925.103903,70916.253583,0.000000,7546.000000,0.000000,1000.00,0,2
13,140.00,1008,42164534.899584,80974.150883,-14965.706686,0.000000,7546.000000,0.000000,1000.00,1,2
14,150.00,1000,42170803.754343,-31685.121954,42464.883564,0.000000,7546.000000,0.000000,1000.00,0,0
14,150.00,1001,42157951.027386,-49433.173286,40234.439222,0.000000,7546.000000,0.000000,1000.00,0,0
14,150.00,1002,42163547.941037,38661.277429,-20282.329081,0.000000,7546.000000,0.000000,1000.00,1,0
14,150.00,1003,42172323.901360,40713.518388,32594.539415,0.000000,7546.000000,0.000000,1000.00,1,1
14,150.00,1004,42154326.011432,-77133.968811,-54415.263482,0.000000,7546.000000,0.000000,1000.00,1,1
14,150.00,1005,42162018.887885,-111062.865966,-58678.679696,0.000000,7546.000000,0.000000,1000.00,1,1
14,150.00,1006,42164258.647888,101733.670408,16895.974889,0.000000,7546.000000,0.000000,1000.00,1,2
14,150.00,1007,42164485.743801,-1925.103903,70916.253583,0.000000,7546.000000,0.000000,1000.00,0,2
14,150.00,1008,42164534.899584,80974.150883,-14965.706686,0.000000,7546.000000,0.000000,1000.00,1,2
15,160.00,1000,42170803.754343,-31685.121954,42464.883564,0.000000,7546.000000,0.000000,1000.00,0,0
15,160.00,1001,42157951.027386,-49433.173286,40234.439222,0.000000,7546.000000,0.000000,1000.00,0,0
15,160.00,1002,42163547.941037,38661.277429,-20282.329081,0.000000,7546.000000,0.000000,1000.00,1,0
15,160.00,1003,42172323.901360,40713.518388,32594.539415,0.000000,7546.000000,0.000000,1000.00,1,1
15,160.00,1004,42154326.011432,-77133.968811,-54415.263482,0.000000,7546.000000,0.000000,1000.00,1,1
15,160.00,1005,42162018.887885,-111062.865966,-58678.679696,0.000000,7546.000000,0.000000,1000.00,1,1
15,160.00,1006,42164258.647888,101733.670408,16895.974889,0.000000,7546.000000,0.000000,1000.00,1,2
15,160.00,1007,42164485.743801,-1925.103903,70916.253583,0.000000,7546.000000,0.000000,1000.00,0,2
15,160.00,1008,42164534.899584,80974.150883,-14965.706686,0.000000,7546.000000,0.000000,1000.00,1,2
16,170.00,1000,42170803.754343,-31685.121954,42464.883564,0.000000,7546.000000,0.000000,1000.00,0,0
16,170.00,1001,42157951.027386,-49433.173286,40234.439222,0.000000,7546.000000,0.000000,1000.00,0,0
16,170.00,1002,42163547.941037,38661.277429,-20282.329081,0.000000,7546.000000,0.000000,1000.00,1,0
16,170.00,1003,42172323.901360,40713.518388,32594.539415,0.000000,7546.000000,0.000000,1000.00,1,1
16,170.00,1004,42154326.011432,-77133.968811,-54415.263482,0.000000,7546.000000,0.000000,1000.00,1,1
16,170.00,1005,42162018.887885,-111062.865966,-58678.679696,0.000000,7546.000000,0.000000,1000.00,1,1
16,170.00,1006,42164258.647888,101733.670408,16895.974889,0.000000,7546.000000,0.000000,1000.00,1,2
16,170.00,1007,42164485.743801,-1925.103903,70916.253583,0.000000,7546.000000,0.000000,1000.00,0,2
16,170.00,1008,42164534.899584,80974.150883,-14965.706686,0.000000,7546.000000,0.000000,1000.00,1,2
17,180.00,1000,42170803.754343,-31685.121954,42464.883564,0.000000,7546.000000,0.000000,1000.00,0,0
17,180.00,1001,42157951.027386,-49433.173286,40234.439222,0.000000,7546.000000,0.000000,1000.00,0,0
17,180.00,1002,42163547.941037,38661.277429,-20282.329081,0.000000,7546.000000,0.000000,1000.00,1,0
17,180.00,1003,42172323.901360,40713.518388,32594.539415,0.000000,7546.000000,0.000000,1000.00,1,1
17,180.00,1004,42154326.011432,-77133.968811,-54415.263482,0.000000,7546.000000,0.000000,1000.00,1,1
17,180.00,1005,42162018.887885,-111062.865966,-58678.679696,0.000000,7546.000000,0.000000,1000.00,1,1
17,180.00,1006,42164258.647888,101733.670408,16895.974889,0.000000,7546.000000,0.000000,1000.00,1,2
17,180.00,1007,42164485.743801,-1925.103903,70916.253583,0.000000,7546.000000,0.000000,1000.00,0,2
17,180.00,1008,42164534.899584,80974.150883,-14965.706686,0.000000,7546.000000,0.000000,1000.00,1,2
18,190.00,1000,42170803.754343,-31685.121954,42464.883564,0.000000,7546.000000,0.000000,1000.00,0,0
18,190.00,1001,42157951.027386,-49433.173286,40234.439222,0.000000,7546.000000,0.000000,1000.00,0,0
18,190.00,1002,42163547.941037,38661.277429,-20282.329081,0.000000,7546.000000,0.000000,1000.00,1,0
18,190.00,1003,42172323.901360,40713.518388,32594.539415,0.000000,7546.000000,0.000000,1000.00,1,1
18,190.00,1004,42154326.011432,-77133.968811,-54415.263482,0.000000,7546.000000,0.000000,1000.00,1,1
18,190.00,1005,42162018.887885,-111062.865966,-58678.679696,0.000000,7546.000000,0.000000,1000.00,1,1
18,190.00,1006,42164258.647888,101733.670408,16895.974889,0.000000,7546.000000,0.000000,1000.00,1,2
18,190.00,1007,42164485.743801,-1925.103903,70916.253583,0.000000,7546.000000,0.000000,1000.00,0,2
18,190.00,1008,42164534.899584,80974.150883,-14965.706686,0.000000,7546.000000,0.000000,1000.00,1,2
19,200.00,1000,42170803.754343,-31685.121954,42464.883564,0.000000,7546.000000,0.000000,1000.00,0,0
19,200.00,1001,42157951.027386,-49433.173286,40234.439222,0.000000,7546.000000,0.000000,1000.00,0,0
19,200.00,1002,42163547.941037,38661.277429,-20282.329081,0.000000,7546.000000,0.000000,1000.00,1,0
19,200.00,1003,42172323.901360,40713.518388,32594.539415,0.000000,7546.000000,0.000000,1000.00,1,1
19,200.00,1004,42154326.011432,-77133.968811,-54415.263482,0.000000,7546.000000,0.000000,1000.00,1,1
19,200.00,1005,42162018.887885,-111062.865966,-58678.679696,0.000000,7546.000000,0.000000,1000.00,1,1
19,200.00,1006,42164258.647888,101733.670408,16895.974889,0.000000,7546.000000,0.000000,1000.00,1,2
19,200.00,1007,42164485.743801,-1925.103903,70916.253583,0.000000,7546.000000,0.000000,1000.00,0,2
19,200.00,1008,42164534.899584,80974.150883,-14965.706686,0.000000,7546.000000,0.000000,1000.00,1,2
20,210.00,1000,42170803.754343,-31685.121954,42464.883564,0.000000,7546.000000,0.000000,1000.00,0,0
20,210.00,1001,42157951.027386,-49433.173286,40234.439222,0.000000,7546.000000,0.000000,1000.00,0,0
20,210.00,1002,42163547.941037,38661.277429,-20282.329081,0.000000,7546.000000,0.000000,1000.00,1,0
20,210.00,1003,42172323.901360,40713.518388,32594.539415,0.000000,7546.000000,0.000000,1000.00,1,1
20,210.00,1004,42154326.011432,-77133.968811,-54415.263482,0.000000,7546.000000,0.000000,1000.00,1,1
20,210.00,1005,42162018.887885,-111062.865966,-58678.679696,0.000000,7546.000000,0.000000,1000.00,1,1
20,210.00,1006,42164258.647888,101733.670408,16895.974889,0.000000,7546.000000,0.000000,1000.00,1,2
20,210.00,1007,42164485.743801,-1925.103903,70916.253583,0.000000,7546.000000,0.000000,1000.00,0,2
20,210.00,1008,42164534.899584,80974.150883,-14965.706686,0.000000,7546.000000,0.000000,1000.00,1,2
21,220.00,1000,42170803.754343,-31685.121954,42464.883564,0.000000,7546.000000,0.000000,1000.00,0,0
21,220.00,1001,42157951.027386,-49433.173286,40234.439222,0.000000,7546.000000,0.000000,1000.00,0,0
21,220.00,1002,42163547.941037,38661.277429,-20282.329081,0.000000,7546.000000,0.000000,1000.00,1,0
21,220.00,1003,42172323.901360,40713.518388,32594.539415,0.000000,7546.000000,0.000000,1000.00,1,1
21,220.00,1004,42154326.011432,-77133.968811,-54415.263482,0.000000,7546.000000,0.000000,1000.00,1,1
21,220.00,1005,42162018.887885,-111062.865966,-58678.679696,0.000000,7546.000000,0.000000,1000.00,1,1
21,220.00,1006,42164258.647888,101733.670408,16895.974889,0.000000,7546.000000,0.000000,1000.00,1,2
21,220.00,1007,42164485.743801,-1925.103903,70916.253583,0.000000,7546.000000,0.000000,1000.00,0,2
21,220.00,1008,42164534.899584,80974.150883,-14965.706686,0.000000,7546.000000,0.000000,1000.00,1,2
22,230.00,1000,42170803.754343,-31685.121954,42464.883564,0.000000,7546.000000,0.000000,1000.00,0,0
22,230.00,1001,42157951.027386,-49433.173286,40234.439222,0.000000,7546.000000,0.000000,1000.00,0,0
22,230.00,1002,42163547.941037,38661.277429,-20282.329081,0.000000,7546.000000,0.000000,1000.00,1,0
22,230.00,1003,42172323.901360,40713.518388,32594.539415,0.000000,7546.000000,0.000000,1000.00,1,1
22,230.00,1004,42154326.011432,-77133.968811,-54415.263482,0.000000,7546.000000,0.000000,1000.00,1,1
22,230.00,1005,42162018.887885,-111062.865966,-58678.679696,0.000000,7546.000000,0.000000,1000.00,1,1
22,230.00,1006,42164258.647888,101733.670408,16895.974889,0.000000,7546.000000,0.000000,1000.00,1,2
22,230.00,1007,42164485.743801,-1925.103903,70916.253583,0.000000,7546.000000,0.000000,1000.00,0,2
22,230.00,1008,42164534.899584,80974.150883,-14965.706686,0.000000,7546.000000,0.000000,1000.00,1,2
23,240.00,1000,42170803.754343,-31685.121954,42464.883564,0.000000,7546.000000,0.000000,1000.00,0,0
23,240.00,1001,42157951.027386,-49433.173286,40234.439222,0.000000,7546.000000,0.000000,1000.00,0,0
23,240.00,1002,42163547.941037,38661.277429,-20282.329081,0.000000,7546.000000,0.000000,1000.00,1,0
23,240.00,1003,42172323.901360,40713.518388,32594.539415,0.000000,7546.000000,0.000000,1000.00,1,1
23,240.00,1004,42154326.011432,-77133.968811,-54415.263482,0.000000,7546.000000,0.000000,1000.00,1,1
23,240.00,1005,42162018.887885,-111062.865966,-58678.679696,0.000000,7546.000000,0.000000,1000.00,1,1
23,240.00,1006,42164258.647888,101733.670408,16895.974889,0.000000,7546.000000,0.000000,1000.00,1,2
23,240.00,1007,42164485.743801,-1925.103903,70916.253583,0.000000,7546.000000,0.000000,1000.00,0,2
23,240.00,1008,42164534.899584,80974.150883,-14965.706686,0.000000,7546.000000,0.000000,1000.00,1,2
24,250.00,1000,42170803.754343,-31685.121954,42464.883564,0.000000,7546.000000,0.000000,1000.00,0,0
24,250.00,1001,42157951.027386,-49433.173286,40234.439222,0.000000,7546.000000,0.000000,1000.00,0,0
24,250.00,1002,42163547.941037,38661.277429,-20282.329081,0.000000,7546.000000,0.000000,1000.00,1,0
24,250.00,1003,42172323.901360,40713.518388,32594.539415,0.000000,7546.000000,0.000000,1000.00,1,1
24,250.00,1004,42154326.011432,-77133.968811,-54415.263482,0.000000,7546.000000,0.000000,1000.00,1,1
24,250.00,1005,42162018.887885,-111062.865966,-58678.679696,0.000000,7546.000000,0.000000,1000.00,1,1
24,250.00,1006,42164258.647888,101733.670408,16895.974889,0.000000,7546.000000,0.000000,1000.00,1,2
24,250.00,1007,42164485.743801,-1925.103903,70916.253583,0.000000,7546.000000,0.000000,1000.00,0,2
24,250.00,1008,42164534.899584,80974.150883,-14965.706686,0.000000,7546.000000,0.000000,1000.00,1,2
25,260.00,1000,42170803.754343,-31685.121954,42464.883564,0.000000,7546.000000,0.000000,1000.00,0,0
25,260.00,1001,42157951.027386,-49433.173286,40234.439222,0.000000,7546.000000,0.000000,1000.00,0,0
25,260.00,1002,42163547.941037,38661.277429,-20282.329081,0.000000,7546.000000,0.000000,1000.00,1,0
25,260.00,1003,42172323.901360,40713.518388,32594.539415,0.000000,7546.000000,0.000000,1000.00,1,1
25,260.00,1004,42154326.011432,-77133.968811,-54415.263482,0.000000,7546.000000,0.000000,1000.00,1,1
25,260.00,1005,42162018.887885,-111062.865966,-58678.679696,0.000000,7546.000000,0.000000,1000.00,1,1
25,260.00,1006,42164258.647888,101733.670408,16895.974889,0.000000,7546.000000,0.000000,1000.00,1,2
25,260.00,1007,42164485.743801,-1925.103903,70916.253583,0.000000,7546.000000,0.000000,1000.00,0,2
25,260.00,1008,42164534.899584,80974.150883,-14965.706686,0.000000,7546.000000,0.000000,1000.00,1,2
26,270.00,1000,42170803.754343,-31685.121954,42464.883564,0.000000,7546.000000,0.000000,1000.00,0,0
26,270.00,1001,42157951.027386,-49433.173286,40234.439222,0.000000,7546.000000,0.000000,1000.00,0,0
26,270.00,1002,42163547.941037,38661.277429,-20282.329081,0.000000,7546.000000,0.000000,1000.00,1,0
26,270.00,1003,42172323.901360,40713.518388,32594.539415,0.000000,7546.000000,0.000000,1000.00,1,1
26,270.00,1004,42154326.011432,-77133.968811,-54415.263482,0.000000,7546.000000,0.000000,1000.00,1,1
26,270.00,1005,42162018.887885,-111062.865966,-58678.679696,0.000000,7546.000000,0.000000,1000.00,1,1
26,270.00,1006,42164258.647888,101733.670408,16895.974889,0.000000,7546.000000,0.000000,1000.00,1,2
26,270.00,1007,42164485.743801,-1925.103903,70916.253583,0.000000,7546.000000,0.000000,1000.00,0,2
26,270.00,1008,42164534.899584,80974.150883,-14965.706686,0.000000,7546.000000,0.000000,1000.00,1,2
27,280.00,1000,42170803.754343,-31685.121954,42464.883564,0.000000,7546.000000,0.000000,1000.00,0,0
27,280.00,1001,42157951.027386,-49433.173286,40234.439222,0.000000,7546.000000,0.000000,1000.00,0,0
27,280.00,1002,42163547.941037,38661.277429,-20282.329081,0.000000,7546.000000,0.000000,1000.00,1,0
27,280.00,1003,42172323.901360,40713.518388,32594.539415,0.000000,7546.000000,0.000000,1000.00,1,1
27,280.00,1004,42154326.011432,-77133.968811,-54415.263482,0.000000,7546.000000,0.000000,1000.00,1,1
27,280.00,1005,42162018.887885,-111062.865966,-58678.679696,0.000000,7546.000000,0.000000,1000.00,1,1
27,280.00,1006,42164258.647888,101733.670408,16895.974889,0.000000,7546.000000,0.000000,1000.00,1,2
27,280.00,1007,42164485.743801,-1925.103903,70916.253583,0.000000,7546.000000,0.000000,1000.00,0,2
27,280.00,1008,42164534.899584,80974.150883,-14965.706686,0.000000,7546.000000,0.000000,1000.00,1,2
28,290.00,1000,42170803.754343,-31685.121954,42464.883564,0.000000,7546.000000,0.000000,1000.00,0,0
28,290.00,1001,42157951.027386,-49433.173286,40234.439222,0.000000,7546.000000,0.000000,1000.00,0,0
28,290.00,1002,42163547.941037,38661.277429,-20282.329081,0.000000,7546.000000,0.000000,1000.00,1,0
28,290.00,1003,42172323.901360,40713.518388,32594.539415,0.000000,7546.000000,0.000000,1000.00,1,1
28,290.00,1004,42154326.011432,-77133.968811,-54415.263482,0.000000,7546.000000,0.000000,1000.00,1,1
28,290.00,1005,42162018.887885,-111062.865966,-58678.679696,0.000000,7546.000000,0.000000,1000.00,1,1
28,290.00,1006,42164258.647888,101733.670408,16895.974889,0.000000,7546.000000,0.000000,1000.00,1,2
28,290.00,1007,42164485.743801,-1925.103903,70916.253583,0.000000,7546.000000,0.000000,1000.00,0,2
28,290.00,1008,42164534.899584,80974.150883,-14965.706686,0.000000,7546.000000,0.000000,1000.00,1,2
29,300.00,1000,42170803.754343,-31685.121954,42464.883564,0.000000,7546.000000,0.000000,1000.00,0,0
29,300.00,1001,42157951.027386,-49433.173286,40234.439222,0.000000,7546.000000,0.000000,1000.00,0,0
29,300.00,1002,42163547.941037,38661.277429,-20282.329081,0.000000,7546.000000,0.000000,1000.00,1,0
29,300.00,1003,42172323.901360,40713.518388,32594.539415,0.000000,7546.000000,0.000000,1000.00,1,1
29,300.00,1004,42154326.011432,-77133.968811,-54415.263482,0.000000,7546.000000,0.000000,1000.00,1,1
29,300.00,1005,42162018.887885,-111062.865966,-58678.679696,0.000000,7546.000000,0.000000,1000.00,1,1
29,300.00,1006,42164258.647888,101733.670408,16895.974889,0.000000,7546.000000,0.000000,1000.00,1,2
29,300.00,1007,42164485.743801,-1925.103903,70916.253583,0.000000,7546.000000,0.000000,1000.00,0,2
29,300.00,1008,42164534.899584,80974.150883,-14965.706686,0.000000,7546.000000,0.000000,1000.00,1,2
30,310.00,1000,42170803.754343,-31685.121954,42464.883564,0.000000,7546.000000,0.000000,1000.00,0,0
30,310.00,1001,42157951.027386,-49433.173286,40234.439222,0.000000,7546.000000,0.000000,1000.00,0,0
30,310.00,1002,42163547.941037,38661.277429,-20282.329081,0.000000,7546.000000,0.000000,1000.00,1,0
30,310.00,1003,42172323.901360,40713.518388,32594.539415,0.000000,7546.000000,0.000000,1000.00,1,1
30,310.00,1004,42154326.011432,-77133.968811,-54415.263482,0.000000,7546.000000,0.000000,1000.00,1,1
30,310.00,1005,42162018.887885,-111062.865966,-58678.679696,0.000000,7546.000000,0.000000,1000.00,1,1
30,310.00,1006,42164258.647888,101733.670408,16895.974889,0.000000,7546.000000,0.000000,1000.00,1,2
30,310.00,1007,42164485.743801,-1925.103903,70916.253583,0.000000,7546.000000,0.000000,1000.00,0,2
30,310.00,1008,42164534.899584,80974.150883,-14965.706686,0.000000,7546.000000,0.000000,1000.00,1,2
31,320.00,1000,42170803.754343,-31685.121954,42464.883564,0.000000,7546.000000,0.000000,1000.00,0,0
31,320.00,1001,42157951.027386,-49433.173286,40234.439222,0.000000,7546.000000,0.000000,1000.00,0,0
31,320.00,1002,42163547.941037,38661.277429,-20282.329081,0.000000,7546.000000,0.000000,1000.00,1,0
31,320.00,1003,42172323.901360,40713.518388,32594.539415,0.000000,7546.000000,0.000000,1000.00,1,1
31,320.00,1004,42154326.011432,-77133.968811,-54415.263482,0.000000,7546.000000,0.000000,1000.00,1,1
31,320.00,1005,42162018.887885,-111062.865966,-58678.679696,0.000000,7546.000000,0.000000,1000.00,1,1
31,320.00,1006,42164258.647888,101733.670408,16895.974889,0.000000,7546.000000,0.000000,1000.00,1,2
31,320.00,1007,42164485.743801,-1925.103903,70916.253583,0.000000,7546.000000,0.000000,1000.00,0,2
31,320.00,1008,42164534.899584,80974.150883,-14965.706686,0.000000,7546.000000,0.000000,1000.00,1,2
32,330.00,1000,42170803.754343,-31685.121954,42464.883564,0.000000,7546.000000,0.000000,1000.00,0,0
32,330.00,1001,42157951.027386,-49433.173286,40234.439222,0.000000,7546.000000,0.000000,1000.00,0,0
32,330.00,1002,42163547.941037,38661.277429,-20282.329081,0.000000,7546.000000,0.000000,1000.00,1,0
32,330.00,1003,42172323.901360,40713.518388,32594.539415,0.000000,7546.000000,0.000000,1000.00,1,1
32,330.00,1004,42154326.011432,-77133.968811,-54415.263482,0.000000,7546.000000,0.000000,1000.00,1,1
32,330.00,1005,42162018.887885,-111062.865966,-58678.679696,0.000000,7546.000000,0.000000,1000.00,1,1
32,330.00,1006,42164258.647888,101733.670408,16895.974889,0.000000,7546.000000,0.000000,1000.00,1,2
32,330.00,1007,42164485.743801,-1925.103903,70916.253583,0.000000,7546.000000,0.000000,1000.00,0,2
32,330.00,1008,42164534.899584,80974.150883,-14965.706686,0.000000,7546.000000,0.000000,1000.00,1,2
33,340.00,1000,42170803.754343,-31685.121954,42464.883564,0.000000,7546.000000,0.000000,1000.00,0,0
33,340.00,1001,42157951.027386,-49433.173286,40234.439222,0.000000,7546.000000,0.000000,1000.00,0,0
33,340.00,1002,42163547.941037,38661.277429,-20282.329081,0.000000,7546.000000,0.000000,1000.00,1,0
33,340.00,1003,42172323.901360,40713.518388,32594.539415,0.000000,7546.000000,0.000000,1000.00,1,1
33,340.00,1004,42154326.011432,-77133.968811,-54415.263482,0.000000,7546.000000,0.000000,1000.00,1,1
33,340.00,1005,42162018.887885,-111062.865966,-58678.679696,0.000000,7546.000000,0.000000,1000.00,1,1
33,340.00,1006,42164258.647888,101733.670408,16895.974889,0.000000,7546.000000,0.000000,1000.00,1,2
33,340.00,1007,42164485.743801,-1925.103903,70916.253583,0.000000,7546.000000,0.000000,1000.00,0,2
33,340.00,1008,42164534.899584,80974.150883,-14965.706686,0.000000,7546.000000,0.000000,1000.00,1,2
34,350.00,1000,42170803.754343,-31685.121954,42464.883564,0.000000,7546.000000,0.000000,1000.00,0,0
34,350.00,1001,42157951.027386,-49433.173286,40234.439222,0.000000,7546.000000,0.000000,1000.00,0,0
34,350.00,1002,42163547.941037,38661.277429,-20282.329081,0.000000,7546.000000,0.000000,1000.00,1,0
34,350.00,1003,42172323.901360,40713.518388,32594.539415,0.000000,7546.000000,0.000000,1000.00,1,1
34,350.00,1004,42154326.011432,-77133.968811,-54415.263482,0.000000,7546.000000,0.000000,1000.00,1,1
34,350.00,1005,42162018.887885,-111062.865966,-58678.679696,0.000000,7546.000000,0.000000,1000.00,1,1
34,350.00,1006,42164258.647888,101733.670408,16895.974889,0.000000,7546.000000,0.000000,1000.00,1,2
34,350.00,1007,42164485.743801,-1925.103903,70916.253583,0.000000,7546.000000,0.000000,1000.00,0,2
34,350.00,1008,42164534.899584,80974.150883,-14965.706686,0.000000,7546.000000,0.000000,1000.00,1,2
35,360.00,1000,42170803.754343,-31685.121954,42464.883564,0.000000,7546.000000,0.000000,1000.00,0,0
35,360.00,1001,42157951.027386,-49433.173286,40234.439222,0.000000,7546.000000,0.000000,1000.00,0,0
35,360.00,1002,42163547.941037,38661.277429,-20282.329081,0.000000,7546.000000,0.000000,1000.00,1,0
35,360.00,1003,42172323.901360,40713.518388,32594.539415,0.000000,7546.000000,0.000000,1000.00,1,1
35,360.00,1004,42154326.011432,-77133.968811,-54415.263482,0.000000,7546.000000,0.000000,1000.00,1,1
35,360.00,1005,42162018.887885,-111062.865966,-58678.679696,0.000000,7546.000000,0.000000,1000.00,1,1
35,360.00,1006,42164258.647888,101733.670408,16895.974889,0.000000,7546.000000,0.000000,1000.00,1,2
35,360.00,1007,42164485.743801,-1925.103903,70916.253583,0.000000,7546.000000,0.000000,1000.00,0,2
35,360.00,1008,42164534.899584,80974.150883,-14965.706686,0.000000,7546.000000,0.000000,1000.00,1,2
36,370.00,1000,42170803.754343,-31685.121954,42464.883564,0.000000,7546.000000,0.000000,1000.00,0,0
36,370.00,1001,42157951.027386,-49433.173286,40234.439222,0.000000,7546.000000,0.000000,1000.00,0,0
36,370.00,1002,42163547.941037,38661.277429,-20282.329081,0.000000,7546.000000,0.000000,1000.00,1,0
36,370.00,1003,42172323.901360,40713.518388,32594.539415,0.000000,7546.000000,0.000000,1000.00,1,1
36,370.00,1004,42154326.011432,-77133.968811,-54415.263482,0.000000,7546.000000,0.000000,1000.00,1,1
36,370.00,1005,42162018.887885,-111062.865966,-58678.679696,0.000000,7546.000000,0.000000,1000.00,1,1
36,370.00,1006,42164258.647888,101733.670408,16895.974889,0.000000,7546.000000,0.000000,1000.00,1,2
36,370.00,1007,42164485.743801,-1925.103903,70916.253583,0.000000,7546.000000,0.000000,1000.00,0,2
36,370.00,1008,42164534.899584,80974.150883,-14965.706686,0.000000,7546.000000,0.000000,1000.00,1,2
37,380.00,1000,42170803.754343,-31685.121954,42464.883564,0.000000,7546.000000,0.000000,1000.00,0,0
37,380.00,1001,42157951.027386,-49433.173286,40234.439222,0.000000,7546.000000,0.000000,1000.00,0,0
37,380.00,1002,42163547.941037,38661.277429,-20282.329081,0.000000,7546.000000,0.000000,1000.00,1,0
37,380.00,1003,42172323.901360,40713.518388,32594.539415,0.000000,7546.000000,0.000000,1000.00,1,1
37,380.00,1004,42154326.011432,-77133.968811,-54415.263482,0.000000,7546.000000,0.000000,1000.00,1,1
37,380.00,1005,42162018.887885,-111062.865966,-58678.679696,0.000000,7546.000000,0.000000,1000.00,1,1
37,380.00,1006,42164258.647888,101733.670408,16895.974889,0.000000,7546.000000,0.000000,1000.00,1,2
37,380.00,1007,42164485.743801,-1925.103903,70916.253583,0.000000,7546.000000,0.000000,1000.00,0,2
37,380.00,1008,42164534.899584,80974.150883,-14965.706686,0.000000,7546.000000,0.000000,1000.00,1,2
38,390.00,1000,42170803.754343,-31685.121954,42464.883564,0.000000,7546.000000,0.000000,1000.00,0,0
38,390.00,1001,42157951.027386,-49433.173286,40234.439222,0.000000,7546.000000,0.000000,1000.00,0,0
38,390.00,1002,42163547.941037,38661.277429,-20282.329081,0.000000,7546.000000,0.000000,1000.00,1,0
38,390.00,1003,42172323.901360,40713.518388,32594.539415,0.000000,7546.000000,0.000000,1000.00,1,1
38,390.00,1004,42154326.011432,-77133.968811,-54415.263482,0.000000,7546.000000,0.000000,1000.00,1,1
38,390.00,1005,42162018.887885,-111062.865966,-58678.679696,0.000000,7546.000000,0.000000,1000.00,1,1
38,390.00,1006,42164258.647888,101733.670408,16895.974889,0.000000,7546.000000,0.000000,1000.00,1,2
38,390.00,1007,42164485.743801,-1925.103903,70916.253583,0.000000,7546.000000,0.000000,1000.00,0,2
38,390.00,1008,42164534.899584,80974.150883,-14965.706686,0.000000,7546.000000,0.000000,1000.00,1,2
39,400.00,1000,42170803.754343,-31685.121954,42464.883564,0.000000,7546.000000,0.000000,1000.00,0,0
39,400.00,1001,42157951.027386,-49433.173286,40234.439222,0.000000,7546.000000,0.000000,1000.00,0,0
39,400.00,1002,42163547.941037,38661.277429,-20282.329081,0.000000,7546.000000,0.000000,1000.00,1,0
39,400.00,1003,42172323.901360,40713.518388,32594.539415,0.000000,7546.000000,0.000000,1000.00,1,1
39,400.00,1004,42154326.011432,-77133.968811,-54415.263482,0.000000,7546.000000,0.000000,1000.00,1,1
39,400.00,1005,42162018.887885,-111062.865966,-58678.679696,0.000000,7546.000000,0.000000,1000.00,1,1
39,400.00,1006,42164258.647888,101733.670408,16895.974889,0.000000,7546.000000,0.000000,1000.00,1,2
39,400.00,1007,42164485.743801,-1925.103903,70916.253583,0.000000,7546.000000,0.000000,1000.00,0,2
39,400.00,1008,42164534.899584,80974.150883,-14965.706686,0.000000,7546.000000,0.000000,1000.00,1,2
40,410.00,1000,42170803.754343,-31685.121954,42464.883564,0.000000,7546.000000,0.000000,1000.00,0,0
40,410.00,1001,42157951.027386,-49433.173286,40234.439222,0.000000,7546.000000,0.000000,1000.00,0,0
40,410.00,1002,42163547.941037,38661.277429,-20282.329081,0.000000,7546.000000,0.000000,1000.00,1,0
40,410.00,1003,42172323.901360,40713.518388,32594.539415,0.000000,7546.000000,0.000000,1000.00,1,1
40,410.00,1004,42154326.011432,-77133.968811,-54415.263482,0.000000,7546.000000,0.000000,1000.00,1,1
40,410.00,1005,42162018.887885,-111062.865966,-58678.679696,0.000000,7546.000000,0.000000,1000.00,1,1
40,410.00,1006,42164258.647888,101733.670408,16895.974889,0.000000,7546.000000,0.000000,1000.00,1,2
40,410.00,1007,42164485.743801,-1925.103903,70916.253583,0.000000,7546.000000,0.000000,1000.00,0,2
40,410.00,1008,42164534.899584,80974.150883,-14965.706686,0.000000,7546.000000,0.000000,1000.00,1,2
41,420.00,1000,42170803.754343,-31685.121954,42464.883564,0.000000,7546.000000,0.000000,1000.00,0,0
41,420.00,1001,42157951.027386,-49433.173286,40234.439222,0.000000,7546.000000,0.000000,1000.00,0,0
41,420.00,1002,42163547.941037,38661.277429,-20282.329081,0.000000,7546.000000,0.000000,1000.00,1,0
41,420.00,1003,42172323.901360,40713.518388,32594.539415,0.000000,7546.000000,0.000000,1000.00,1,1
41,420.00,1004,42154326.011432,-77133.968811,-54415.263482,0.000000,7546.000000,0.000000,1000.00,1,1
41,420.00,1005,42162018.887885,-111062.865966,-58678.679696,0.000000,7546.000000,0.000000,1000.00,1,1
41,420.00,1006,42164258.647888,101733.670408,16895.974889,0.000000,7546.000000,0.000000,1000.00,1,2
41,420.00,1007,42164485.743801,-1925.103903,70916.253583,0.000000,7546.000000,0.000000,1000.00,0,2
41,420.00,1008,42164534.899584,80974.150883,-14965.706686,0.000000,7546.000000,0.000000,1000.00,1,2
42,430.00,1000,42170803.754343,-31685.121954,42464.883564,0.000000,7546.000000,0.000000,1000.00,0,0
42,430.00,1001,42157951.027386,-49433.173286,40234.439222,0.000000,7546.000000,0.000000,1000.00,0,0
42,430.00,1002,42163547.941037,38661.277429,-20282.329081,0.000000,7546.000000,0.000000,1000.00,1,0
42,430.00,1003,42172323.901360,40713.518388,32594.539415,0.000000,7546.000000,0.000000,1000.00,1,1
42,430.00,1004,42154326.011432,-77133.968811,-54415.263482,0.000000,7546.000000,0.000000,1000.00,1,1
42,430.00,1005,42162018.887885,-111062.865966,-58678.679696,0.000000,7546.000000,0.000000,1000.00,1,1
42,430.00,1006,42164258.647888,101733.670408,16895.974889,0.000000,7546.000000,0.000000,1000.00,1,2
42,430.00,1007,42164485.743801,-1925.103903,70916.253583,0.000000,7546.000000,0.000000,1000.00,0,2
42,430.00,1008,42164534.899584,80974.150883,-14965.706686,0.000000,7546.000000,0.000000,1000.00,1,2
43,440.00,1000,42170803.754343,-31685.121954,42464.883564,0.000000,7546.000000,0.000000,1000.00,0,0
43,440.00,1001,42157951.027386,-49433.173286,40234.439222,0.000000,7546.000000,0.000000,1000.00,0,0
43,440.00,1002,42163547.941037,38661.277429,-20282.329081,0.000000,7546.000000,0.000000,1000.00,1,0
43,440.00,1003,42172323.901360,40713.518388,32594.539415,0.000000,7546.000000,0.000000,1000.00,1,1
43,440.00,1004,42154326.011432,-77133.968811,-54415.263482,0.000000,7546.000000,0.000000,1000.00,1,1
43,440.00,1005,42162018.887885,-111062.865966,-58678.679696,0.000000,7546.000000,0.000000,1000.00,1,1
43,440.00,1006,42164258.647888,101733.670408,16895.974889,0.000000,7546.000000,0.000000,1000.00,1,2
43,440.00,1007,42164485.743801,-1925.103903,70916.253583,0.000000,7546.000000,0.000000,1000.00,0,2
43,440.00,1008,42164534.899584,80974.150883,-14965.706686,0.000000,7546.000000,0.000000,1000.00,1,2
44,450.00,1000,42170803.754343,-31685.121954,42464.883564,0.000000,7546.000000,0.000000,1000.00,0,0
44,450.00,1001,42157951.027386,-49433.173286,40234.439222,0.000000,7546.000000,0.000000,1000.00,0,0
44,450.00,1002,42163547.941037,38661.277429,-20282.329081,0.000000,7546.000000,0.000000,1000.00,1,0
44,450.00,1003,42172323.901360,40713.518388,32594.539415,0.000000,7546.000000,0.000000,1000.00,1,1
44,450.00,1004,42154326.011432,-77133.968811,-54415.263482,0.000000,7546.000000,0.000000,1000.00,1,1
44,450.00,1005,42162018.887885,-111062.865966,-58678.679696,0.000000,7546.000000,0.000000,1000.00,1,1
44,450.00,1006,42164258.647888,101733.670408,16895.974889,0.000000,7546.000000,0.000000,1000.00,1,2
44,450.00,1007,42164485.743801,-1925.103903,70916.253583,0.000000,7546.000000,0.000000,1000.00,0,2
44,450.00,1008,42164534.899584,80974.150883,-14965.706686,0.000000,7546.000000,0.000000,1000.00,1,2
45,460.00,1000,42170803.754343,-31685.121954,42464.883564,0.000000,7546.000000,0.000000,1000.00,0,0
45,460.00,1001,42157951.027386,-49433.173286,40234.439222,0.000000,7546.000000,0.000000,1000.00,0,0
45,460.00,1002,42163547.941037,38661.277429,-20282.329081,0.000000,7546.000000,0.000000,1000.00,1,0
45,460.00,1003,42172323.901360,40713.518388,32594.539415,0.000000,7546.000000,0.000000,1000.00,1,1
45,460.00,1004,42154326.011432,-77133.968811,-54415.263482,0.000000,7546.000000,0.000000,1000.00,1,1
45,460.00,1005,42162018.887885,-111062.865966,-58678.679696,0.000000,7546.000000,0.000000,1000.00,1,1
45,460.00,1006,42164258.647888,101733.670408,16895.974889,0.000000,7546.000000,0.000000,1000.00,1,2
45,460.00,1007,42164485.743801,-1925.103903,70916.253583,0.000000,7546.000000,0.000000,1000.00,0,2
45,460.00,1008,42164534.899584,80974.150883,-14965.706686,0.000000,7546.000000,0.000000,1000.00,1,2
46,470.00,1000,42170803.754343,-31685.121954,42464.883564,0.000000,7546.000000,0.000000,1000.00,0,0
46,470.00,1001,42157951.027386,-49433.173286,40234.439222,0.000000,7546.000000,0.000000,1000.00,0,0
46,470.00,1002,42163547.941037,38661.277429,-20282.329081,0.000000,7546.000000,0.000000,1000.00,1,0
46,470.00,1003,42172323.901360,40713.518388,32594.539415,0.000000,7546.000000,0.000000,1000.00,1,1
46,470.00,1004,42154326.011432,-77133.968811,-54415.263482,0.000000,7546.000000,0.000000,1000.00,1,1
46,470.00,1005,42162018.887885,-111062.865966,-58678.679696,0.000000,7546.000000,0.000000,1000.00,1,1
46,470.00,1006,42164258.647888,101733.670408,16895.974889,0.000000,7546.000000,0.000000,1000.00,1,2
46,470.00,1007,42164485.743801,-1925.103903,70916.253583,0.000000,7546.000000,0.000000,1000.00,0,2
46,470.00,1008,42164534.899584,80974.150883,-14965.706686,0.000000,7546.000000,0.000000,1000.00,1,2
47,480.00,1000,42170803.754343,-31685.121954,42464.883564,0.000000,7546.000000,0.000000,1000.00,0,0
47,480.00,1001,42157951.027386,-49433.173286,40234.439222,0.000000,7546.000000,0.000000,1000.00,0,0
47,480.00,1002,42163547.941037,38661.277429,-20282.329081,0.000000,7546.000000,0.000000,1000.00,1,0
47,480.00,1003,42172323.901360,40713.518388,32594.539415,0.000000,7546.000000,0.000000,1000.00,1,1
47,480.00,1004,42154326.011432,-77133.968811,-54415.263482,0.000000,7546.000000,0.000000,1000.00,1,1
47,480.00,1005,42162018.887885,-111062.865966,-58678.679696,0.000000,7546.000000,0.000000,1000.00,1,1
47,480.00,1006,42164258.647888,101733.670408,16895.974889,0.000000,7546.000000,0.000000,1000.00,1,2
47,480.00,1007,42164485.743801,-1925.103903,70916.253583,0.000000,7546.000000,0.000000,1000.00,0,2
47,480.00,1008,42164534.899584,80974.150883,-14965.706686,0.000000,7546.000000,0.000000,1000.00,1,2
48,490.00,1000,42170803.754343,-31685.121954,42464.883564,0.000000,7546.000000,0.000000,1000.00,0,0
48,490.00,1001,42157951.027386,-49433.173286,40234.439222,0.000000,7546.000000,0.000000,1000.00,0,0
48,490.00,1002,42163547.941037,38661.277429,-20282.329081,0.000000,7546.000000,0.000000,1000.00,1,0
48,490.00,1003,42172323.901360,40713.518388,32594.539415,0.000000,7546.000000,0.000000,1000.00,1,1
48,490.00,1004,42154326.011432,-77133.968811,-54415.263482,0.000000,7546.000000,0.000000,1000.00,1,1
48,490.00,1005,42162018.887885,-111062.865966,-58678.679696,0.000000,7546.000000,0.000000,1000.00,1,1
48,490.00,1006,42164258.647888,101733.670408,16895.974889,0.000000,7546.000000,0.000000,1000.00,1,2
48,490.00,1007,42164485.743801,-1925.103903,70916.253583,0.000000,7546.000000,0.000000,1000.00,0,2
48,490.00,1008,42164534.899584,80974.150883,-14965.706686,0.000000,7546.000000,0.000000,1000.00,1,2
49,500.00,1000,42170803.754343,-31685.121954,42464.883564,0.000000,7546.000000,0.000000,1000.00,0,0
49,500.00,1001,42157951.027386,-49433.173286,40234.439222,0.000000,7546.000000,0.000000,1000.00,0,0
49,500.00,1002,42163547.941037,38661.277429,-20282.329081,0.000000,7546.000000,0.000000,1000.00,1,0
49,500.00,1003,42172323.901360,40713.518388,32594.539415,0.000000,7546.000000,0.000000,1000.00,1,1
49,500.00,1004,42154326.011432,-77133.968811,-54415.263482,0.000000,7546.000000,0.000000,1000.00,1,1
49,500.00,1005,42162018.887885,-111062.865966,-58678.679696,0.000000,7546.000000,0.000000,1000.00,1,1
49,500.00,1006,42164258.647888,101733.670408,16895.974889,0.000000,7546.000000,0.000000,1000.00,1,2
49,500.00,1007,42164485.743801,-1925.103903,70916.253583,0.000000,7546.000000,0.000000,1000.00,0,2
49,500.00,1008,42164534.899584,80974.150883,-14965.706686,0.000000,7546.000000,0.000000,1000.00,1,2
50,510.00,1000,42170803.754343,-31685.121954,42464.883564,0.000000,7546.000000,0.000000,1000.00,0,0
50,510.00,1001,42157951.027386,-49433.173286,40234.439222,0.000000,7546.000000,0.000000,1000.00,0,0
50,510.00,1002,42163547.941037,38661.277429,-20282.329081,0.000000,7546.000000,0.000000,1000.00,1,0
50,510.00,1003,42172323.901360,40713.518388,32594.539415,0.000000,7546.000000,0.000000,1000.00,1,1
50,510.00,1004,42154326.011432,-77133.968811,-54415.263482,0.000000,7546.000000,0.000000,1000.00,1,1
50,510.00,1005,42162018.887885,-111062.865966,-58678.679696,0.000000,7546.000000,0.000000,1000.00,1,1
50,510.00,1006,42164258.647888,101733.670408,16895.974889,0.000000,7546.000000,0.000000,1000.00,1,2
50,510.00,1007,42164485.743801,-1925.103903,70916.253583,0.000000,7546.000000,0.000000,1000.00,0,2
50,510.00,1008,42164534.899584,80974.150883,-14965.706686,0.000000,7546.000000,0.000000,1000.00,1,2
51,520.00,1000,42170803.754343,-31685.121954,42464.883564,0.000000,7546.000000,0.000000,1000.00,0,0
51,520.00,1001,42157951.027386,-49433.173286,40234.439222,0.000000,7546.000000,0.000000,1000.00,0,0
51,520.00,1002,42163547.941037,38661.277429,-20282.329081,0.000000,7546.000000,0.000000,1000.00,1,0
51,520.00,1003,42172323.901360,40713.518388,32594.539415,0.000000,7546.000000,0.000000,1000.00,1,1
51,520.00,1004,42154326.011432,-77133.968811,-54415.263482,0.000000,7546.000000,0.000000,1000.00,1,1
51,520.00,1005,42162018.887885,-111062.865966,-58678.679696,0.000000,7546.000000,0.000000,1000.00,1,1
51,520.00,1006,42164258.647888,101733.670408,16895.974889,0.000000,7546.000000,0.000000,1000.00,1,2
51,520.00,1007,42164485.743801,-1925.103903,70916.253583,0.000000,7546.000000,0.000000,1000.00,0,2
51,520.00,1008,42164534.899584,80974.150883,-14965.706686,0.000000,7546.000000,0.000000,1000.00,1,2
52,530.00,1000,42170803.754343,-31685.121954,42464.883564,0.000000,7546.000000,0.000000,1000.00,0,0
52,530.00,1001,42157951.027386,-49433.173286,40234.439222,0.000000,7546.000000,0.000000,1000.00,0,0
52,530.00,1002,42163547.941037,38661.277429,-20282.329081,0.000000,7546.000000,0.000000,1000.00,1,0
52,530.00,1003,42172323.901360,40713.518388,32594.539415,0.000000,7546.000000,0.000000,1000.00,1,1
52,530.00,1004,42154326.011432,-77133.968811,-54415.263482,0.000000,7546.000000,0.000000,1000.00,1,1
52,530.00,1005,42162018.887885,-111062.865966,-58678.679696,0.000000,7546.000000,0.000000,1000.00,1,1
52,530.00,1006,42164258.647888,101733.670408,16895.974889,0.000000,7546.000000,0.000000,1000.00,1,2
52,530.00,1007,42164485.743801,-1925.103903,70916.253583,0.000000,7546.000000,0.000000,1000.00,0,2
52,530.00,1008,42164534.899584,80974.150883,-14965.706686,0.000000,7546.000000,0.000000,1000.00,1,2
53,540.00,1000,42170803.754343,-31685.121954,42464.883564,0.000000,7546.000000,0.000000,1000.00,0,0
53,540.00,1001,42157951.027386,-49433.173286,40234.439222,0.000000,7546.000000,0.000000,1000.00,0,0
53,540.00,1002,42163547.941037,38661.277429,-20282.329081,0.000000,7546.000000,0.000000,1000.00,1,0
53,540.00,1003,42172323.901360,40713.518388,32594.539415,0.000000,7546.000000,0.000000,1000.00,1,1
53,540.00,1004,42154326.011432,-77133.968811,-54415.263482,0.000000,7546.000000,0.000000,1000.00,1,1
53,540.00,1005,42162018.887885,-111062.865966,-58678.679696,0.000000,7546.000000,0.000000,1000.00,1,1
53,540.00,1006,42164258.647888,101733.670408,16895.974889,0.000000,7546.000000,0.000000,1000.00,1,2
53,540.00,1007,42164485.743801,-1925.103903,70916.253583,0.000000,7546.000000,0.000000,1000.00,0,2
53,540.00,1008,42164534.899584,80974.150883,-14965.706686,0.000000,7546.000000,0.000000,1000.00,1,2
54,550.00,1000,42170803.754343,-31685.121954,42464.883564,0.000000,7546.000000,0.000000,1000.00,0,0
54,550.00,1001,42157951.027386,-49433.173286,40234.439222,0.000000,7546.000000,0.000000,1000.00,0,0
54,550.00,1002,42163547.941037,38661.277429,-20282.329081,0.000000,7546.000000,0.000000,1000.00,1,0
54,550.00,1003,42172323.901360,40713.518388,32594.539415,0.000000,7546.000000,0.000000,1000.00,1,1
54,550.00,1004,42154326.011432,-77133.968811,-54415.263482,0.000000,7546.000000,0.000000,1000.00,1,1
54,550.00,1005,42162018.887885,-111062.865966,-58678.679696,0.000000,7546.000000,0.000000,1000.00,1,1
54,550.00,1006,42164258.647888,101733.670408,16895.974889,0.000000,7546.000000,0.000000,1000.00,1,2
54,550.00,1007,42164485.743801,-1925.103903,70916.253583,0.000000,7546.000000,0.000000,1000.00,0,2
54,550.00,1008,42164534.899584,80974.150883,-14965.706686,0.000000,7546.000000,0.000000,1000.00,1,2
55,560.00,1000,42170803.754343,-31685.121954,42464.883564,0.000000,7546.000000,0.000000,1000.00,0,0
55,560.00,1001,42157951.027386,-49433.173286,40234.439222,0.000000,7546.000000,0.000000,1000.00,0,0
55,560.00,1002,42163547.941037,38661.277429,-20282.329081,0.000000,7546.000000,0.000000,1000.00,1,0
55,560.00,1003,42172323.901360,40713.518388,32594.539415,0.000000,7546.000000,0.000000,1000.00,1,1
55,560.00,1004,42154326.011432,-77133.968811,-54415.263482,0.000000,7546.000000,0.000000,1000.00,1,1
55,560.00,1005,42162018.887885,-111062.865966,-58678.679696,0.000000,7546.000000,0.000000,1000.00,1,1
55,560.00,1006,42164258.647888,101733.670408,16895.974889,0.000000,7546.000000,0.000000,1000.00,1,2
55,560.00,1007,42164485.743801,-1925.103903,70916.253583,0.000000,7546.000000,0.000000,1000.00,0,2
55,560.00,1008,42164534.899584,80974.150883,-14965.706686,0.000000,7546.000000,0.000000,1000.00,1,2
56,570.00,1000,42170803.754343,-31685.121954,42464.883564,0.000000,7546.000000,0.000000,1000.00,0,0
56,570.00,1001,42157951.027386,-49433.173286,40234.439222,0.000000,7546.000000,0.000000,1000.00,0,0
56,570.00,1002,42163547.941037,38661.277429,-20282.329081,0.000000,7546.000000,0.000000,1000.00,1,0
56,570.00,1003,42172323.901360,40713.518388,32594.539415,0.000000,7546.000000,0.000000,1000.00,1,1
56,570.00,1004,42154326.011432,-77133.968811,-54415.263482,0.000000,7546.000000,0.000000,1000.00,1,1
56,570.00,1005,42162018.887885,-111062.865966,-58678.679696,0.000000,7546.000000,0.000000,1000.00,1,1
56,570.00,1006,42164258.647888,101733.670408,16895.974889,0.000000,7546.000000,0.000000,1000.00,1,2
56,570.00,1007,42164485.743801,-1925.103903,70916.253583,0.000000,7546.000000,0.000000,1000.00,0,2
56,570.00,1008,42164534.899584,80974.150883,-14965.706686,0.000000,7546.000000,0.000000,1000.00,1,2
57,580.00,1000,42170803.754343,-31685.121954,42464.883564,0.000000,7546.000000,0.000000,1000.00,0,0
57,580.00,1001,42157951.027386,-49433.173286,40234.439222,0.000000,7546.000000,0.000000,1000.00,0,0
57,580.00,1002,42163547.941037,38661.277429,-20282.329081,0.000000,7546.000000,0.000000,1000.00,1,0
57,580.00,1003,42172323.901360,40713.518388,32594.539415,0.000000,7546.000000,0.000000,1000.00,1,1
57,580.00,1004,42154326.011432,-77133.968811,-54415.263482,0.000000,7546.000000,0.000000,1000.00,1,1
57,580.00,1005,42162018.887885,-111062.865966,-58678.679696,0.000000,7546.000000,0.000000,1000.00,1,1
57,580.00,1006,42164258.647888,101733.670408,16895.974889,0.000000,7546.000000,0.000000,1000.00,1,2
57,580.00,1007,42164485.743801,-1925.103903,70916.253583,0.000000,7546.000000,0.000000,1000.00,0,2
57,580.00,1008,42164534.899584,80974.150883,-14965.706686,0.000000,7546.000000,0.000000,1000.00,1,2
58,590.00,1000,42170803.754343,-31685.121954,42464.883564,0.000000,7546.000000,0.000000,1000.00,0,0
58,590.00,1001,42157951.027386,-49433.173286,40234.439222,0.000000,7546.000000,0.000000,1000.00,0,0
58,590.00,1002,42163547.941037,38661.277429,-20282.329081,0.000000,7546.000000,0.000000,1000.00,1,0
58,590.00,1003,42172323.901360,40713.518388,32594.539415,0.000000,7546.000000,0.000000,1000.00,1,1
58,590.00,1004,42154326.011432,-77133.968811,-54415.263482,0.000000,7546.000000,0.000000,1000.00,1,1
58,590.00,1005,42162018.887885,-111062.865966,-58678.679696,0.000000,7546.000000,0.000000,1000.00,1,1
58,590.00,1006,42164258.647888,101733.670408,16895.974889,0.000000,7546.000000,0.000000,1000.00,1,2
58,590.00,1007,42164485.743801,-1925.103903,70916.253583,0.000000,7546.000000,0.000000,1000.00,0,2
58,590.00,1008,42164534.899584,80974.150883,-14965.706686,0.000000,7546.000000,0.000000,1000.00,1,2
59,600.00,1000,42170803.754343,-31685.121954,42464.883564,0.000000,7546.000000,0.000000,1000.00,0,0
59,600.00,1001,42157951.027386,-49433.173286,40234.439222,0.000000,7546.000000,0.000000,1000.00,0,0
59,600.00,1002,42163547.941037,38661.277429,-20282.329081,0.000000,7546.000000,0.000000,1000.00,1,0
59,600.00,1003,42172323.901360,40713.518388,32594.539415,0.000000,7546.000000,0.000000,1000.00,1,1
59,600.00,1004,42154326.011432,-77133.968811,-54415.263482,0.000000,7546.000000,0.000000,1000.00,1,1
59,600.00,1005,42162018.887885,-111062.865966,-58678.679696,0.000000,7546.000000,0.000000,1000.00,1,1
59,600.00,1006,42164258.647888,101733.670408,16895.974889,0.000000,7546.000000,0.000000,1000.00,1,2
59,600.00,1007,42164485.743801,-1925.103903,70916.253583,0.000000,7546.000000,0.000000,1000.00,0,2
59,600.00,1008,42164534.899584,80974.150883,-14965.706686,0.000000,7546.000000,0.000000,1000.00,1,2
60,610.00,1000,42170803.754343,-31685.121954,42464.883564,0.000000,7546.000000,0.000000,1000.00,0,0
60,610.00,1001,42157951.027386,-49433.173286,40234.439222,0.000000,7546.000000,0.000000,1000.00,0,0
60,610.00,1002,42163547.941037,38661.277429,-20282.329081,0.000000,7546.000000,0.000000,1000.00,1,0
60,610.00,1003,42172323.901360,40713.518388,32594.539415,0.000000,7546.000000,0.000000,1000.00,1,1
60,610.00,1004,42154326.011432,-77133.968811,-54415.263482,0.000000,7546.000000,0.000000,1000.00,1,1
60,610.00,1005,42162018.887885,-111062.865966,-58678.679696,0.000000,7546.000000,0.000000,1000.00,1,1
60,610.00,1006,42164258.647888,101733.670408,16895.974889,0.000000,7546.000000,0.000000,1000.00,1,2
60,610.00,1007,42164485.743801,-1925.103903,70916.253583,0.000000,7546.000000,0.000000,1000.00,0,2
60,610.00,1008,42164534.899584,80974.150883,-14965.706686,0.000000,7546.000000,0.000000,1000.00,1,2
61,620.00,1000,42170803.754343,-31685.121954,42464.883564,0.000000,7546.000000,0.000000,1000.00,0,0
61,620.00,1001,42157951.027386,-49433.173286,40234.439222,0.000000,7546.000000,0.000000,1000.00,0,0
61,620.00,1002,42163547.941037,38661.277429,-20282.329081,0.000000,7546.000000,0.000000,1000.00,1,0
61,620.00,1003,42172323.901360,40713.518388,32594.539415,0.000000,7546.000000,0.000000,1000.00,1,1
61,620.00,1004,42154326.011432,-77133.968811,-54415.263482,0.000000,7546.000000,0.000000,1000.00,1,1
61,620.00,1005,42162018.887885,-111062.865966,-58678.679696,0.000000,7546.000000,0.000000,1000.00,1,1
61,620.00,1006,42164258.647888,101733.670408,16895.974889,0.000000,7546.000000,0.000000,1000.00,1,2
61,620.00,1007,42164485.743801,-1925.103903,70916.253583,0.000000,7546.000000,0.000000,1000.00,0,2
61,620.00,1008,42164534.899584,80974.150883,-14965.706686,0.000000,7546.000000,0.000000,1000.00,1,2
62,630.00,1000,42170803.754343,-31685.121954,42464.883564,0.000000,7546.000000,0.000000,1000.00,0,0
62,630.00,1001,42157951.027386,-49433.173286,40234.439222,0.000000,7546.000000,0.000000,1000.00,0,0
62,630.00,1002,42163547.941037,38661.277429,-20282.329081,0.000000,7546.000000,0.000000,1000.00,1,0
62,630.00,1003,42172323.901360,40713.518388,32594.539415,0.000000,7546.000000,0.000000,1000.00,1,1
62,630.00,1004,42154326.011432,-77133.968811,-54415.263482,0.000000,7546.000000,0.000000,1000.00,1,1
62,630.00,1005,42162018.887885,-111062.865966,-58678.679696,0.000000,7546.000000,0.000000,1000.00,1,1
62,630.00,1006,42164258.647888,101733.670408,16895.974889,0.000000,7546.000000,0.000000,1000.00,1,2
62,630.00,1007,42164485.743801,-1925.103903,70916.253583,0.000000,7546.000000,0.000000,1000.00,0,2
62,630.00,1008,42164534.899584,80974.150883,-14965.706686,0.000000,7546.000000,0.000000,1000.00,1,2
63,640.00,1000,42170803.754343,-31685.121954,42464.883564,0.000000,7546.000000,0.000000,1000.00,0,0
63,640.00,1001,42157951.027386,-49433.173286,40234.439222,0.000000,7546.000000,0.000000,1000.00,0,0
63,640.00,1002,42163547.941037,38661.277429,-20282.329081,0.000000,7546.000000,0.000000,1000.00,1,0
63,640.00,1003,42172323.901360,40713.518388,32594.539415,0.000000,7546.000000,0.000000,1000.00,1,1
63,640.00,1004,42154326.011432,-77133.968811,-54415.263482,0.000000,7546.000000,0.000000,1000.00,1,1
63,640.00,1005,42162018.887885,-111062.865966,-58678.679696,0.000000,7546.000000,0.000000,1000.00,1,1
63,640.00,1006,42164258.647888,101733.670408,16895.974889,0.000000,7546.000000,0.000000,1000.00,1,2
63,640.00,1007,42164485.743801,-1925.103903,70916.253583,0.000000,7546.000000,0.000000,1000.00,0,2
63,640.00,1008,42164534.899584,80974.150883,-14965.706686,0.000000,7546.000000,0.000000,1000.00,1,2
64,650.00,1000,42170803.754343,-31685.121954,42464.883564,0.000000,7546.000000,0.000000,1000.00,0,0
64,650.00,1001,42157951.027386,-49433.173286,40234.439222,0.000000,7546.000000,0.000000,1000.00,0,0
64,650.00,1002,42163547.941037,38661.277429,-20282.329081,0.000000,7546.000000,0.000000,1000.00,1,0
64,650.00,1003,42172323.901360,40713.518388,32594.539415,0.000000,7546.000000,0.000000,1000.00,1,1
64,650.00,1004,42154326.011432,-77133.968811,-54415.263482,0.000000,7546.000000,0.000000,1000.00,1,1
64,650.00,1005,42162018.887885,-111062.865966,-58678.679696,0.000000,7546.000000,0.000000,1000.00,1,1
64,650.00,1006,42164258.647888,101733.670408,16895.974889,0.000000,7546.000000,0.000000,1000.00,1,2
64,650.00,1007,42164485.743801,-1925.103903,70916.253583,0.000000,7546.000000,0.000000,1000.00,0,2
64,650.00,1008,42164534.899584,80974.150883,-14965.706686,0.000000,7546.000000,0.000000,1000.00,1,2
65,660.00,1000,42170803.754343,-31685.121954,42464.883564,0.000000,7546.000000,0.000000,1000.00,0,0
65,660.00,1001,42157951.027386,-49433.173286,40234.439222,0.000000,7546.000000,0.000000,1000.00,0,0
65,660.00,1002,42163547.941037,38661.277429,-20282.329081,0.000000,7546.000000,0.000000,1000.00,1,0
65,660.00,1003,42172323.901360,40713.518388,32594.539415,0.000000,7546.000000,0.000000,1000.00,1,1
65,660.00,1004,42154326.011432,-77133.968811,-54415.263482,0.000000,7546.000000,0.000000,1000.00,1,1
65,660.00,1005,42162018.887885,-111062.865966,-58678.679696,0.000000,7546.000000,0.000000,1000.00,1,1
65,660.00,1006,42164258.647888,101733.670408,16895.974889,0.000000,7546.000000,0.000000,1000.00,1,2
65,660.00,1007,42164485.743801,-1925.103903,70916.253583,0.000000,7546.000000,0.000000,1000.00,0,2
65,660.00,1008,42164534.899584,80974.150883,-14965.706686,0.000000,7546.000000,0.000000,1000.00,1,2
66,670.00,1000,42170803.754343,-31685.121954,42464.883564,0.000000,7546.000000,0.000000,1000.00,0,0
66,670.00,1001,42157951.027386,-49433.173286,40234.439222,0.000000,7546.000000,0.000000,1000.00,0,0
66,670.00,1002,42163547.941037,38661.277429,-20282.329081,0.000000,7546.000000,0.000000,1000.00,1,0
66,670.00,1003,42172323.901360,40713.518388,32594.539415,0.000000,7546.000000,0.000000,1000.00,1,1
66,670.00,1004,42154326.011432,-77133.968811,-54415.263482,0.000000,7546.000000,0.000000,1000.00,1,1
66,670.00,1005,42162018.887885,-111062.865966,-58678.679696,0.000000,7546.000000,0.000000,1000.00,1,1
66,670.00,1006,42164258.647888,101733.670408,16895.974889,0.000000,7546.000000,0.000000,1000.00,1,2
66,670.00,1007,42164485.743801,-1925.103903,70916.253583,0.000000,7546.000000,0.000000,1000.00,0,2
66,670.00,1008,42164534.899584,80974.150883,-14965.706686,0.000000,7546.000000,0.000000,1000.00,1,2
67,680.00,1000,42170803.754343,-31685.121954,42464.883564,0.000000,7546.000000,0.000000,1000.00,0,0
67,680.00,1001,42157951.027386,-49433.173286,40234.439222,0.000000,7546.000000,0.000000,1000.00,0,0
67,680.00,1002,42163547.941037,38661.277429,-20282.329081,0.000000,7546.000000,0.000000,1000.00,1,0
67,680.00,1003,42172323.901360,40713.518388,32594.539415,0.000000,7546.000000,0.000000,1000.00,1,1
67,680.00,1004,42154326.011432,-77133.968811,-54415.263482,0.000000,7546.000000,0.000000,1000.00,1,1
67,680.00,1005,42162018.887885,-111062.865966,-58678.679696,0.000000,7546.000000,0.000000,1000.00,1,1
67,680.00,1006,42164258.647888,101733.670408,16895.974889,0.000000,7546.000000,0.000000,1000.00,1,2
67,680.00,1007,42164485.743801,-1925.103903,70916.253583,0.000000,7546.000000,0.000000,1000.00,0,2
67,680.00,1008,42164534.899584,80974.150883,-14965.706686,0.000000,7546.000000,0.000000,1000.00,1,2
68,690.00,1000,42170803.754343,-31685.121954,42464.883564,0.000000,7546.000000,0.000000,1000.00,0,0
68,690.00,1001,42157951.027386,-49433.173286,40234.439222,0.000000,7546.000000,0.000000,1000.00,0,0
68,690.00,1002,42163547.941037,38661.277429,-20282.329081,0.000000,7546.000000,0.000000,1000.00,1,0
68,690.00,1003,42172323.901360,40713.518388,32594.539415,0.000000,7546.000000,0.000000,1000.00,1,1
68,690.00,1004,42154326.011432,-77133.968811,-54415.263482,0.000000,7546.000000,0.000000,1000.00,1,1
68,690.00,1005,42162018.887885,-111062.865966,-58678.679696,0.000000,7546.000000,0.000000,1000.00,1,1
68,690.00,1006,42164258.647888,101733.670408,16895.974889,0.000000,7546.000000,0.000000,1000.00,1,2
68,690.00,1007,42164485.743801,-1925.103903,70916.253583,0.000000,7546.000000,0.000000,1000.00,0,2
68,690.00,1008,42164534.899584,80974.150883,-14965.706686,0.000000,7546.000000,0.000000,1000.00,1,2
69,700.00,1000,42170803.754343,-31685.121954,42464.883564,0.000000,7546.000000,0.000000,1000.00,0,0
69,700.00,1001,42157951.027386,-49433.173286,40234.439222,0.000000,7546.000000,0.000000,1000.00,0,0
69,700.00,1002,42163547.941037,38661.277429,-20282.329081,0.000000,7546.000000,0.000000,1000.00,1,0
69,700.00,1003,42172323.901360,40713.518388,32594.539415,0.000000,7546.000000,0.000000,1000.00,1,1
69,700.00,1004,42154326.011432,-77133.968811,-54415.263482,0.000000,7546.000000,0.000000,1000.00,1,1
69,700.00,1005,42162018.887885,-111062.865966,-58678.679696,0.000000,7546.000000,0.000000,1000.00,1,1
69,700.00,1006,42164258.647888,101733.670408,16895.974889,0.000000,7546.000000,0.000000,1000.00,1,2
69,700.00,1007,42164485.743801,-1925.103903,70916.253583,0.000000,7546.000000,0.000000,1000.00,0,2
69,700.00,1008,42164534.899584,80974.150883,-14965.706686,0.000000,7546.000000,0.000000,1000.00,1,2
70,710.00,1000,42170803.754343,-31685.121954,42464.883564,0.000000,7546.000000,0.000000,1000.00,0,0
70,710.00,1001,42157951.027386,-49433.173286,40234.439222,0.000000,7546.000000,0.000000,1000.00,0,0
70,710.00,1002,42163547.941037,38661.277429,-20282.329081,0.000000,7546.000000,0.000000,1000.00,1,0
70,710.00,1003,42172323.901360,40713.518388,32594.539415,0.000000,7546.000000,0.000000,1000.00,1,1
70,710.00,1004,42154326.011432,-77133.968811,-54415.263482,0.000000,7546.000000,0.000000,1000.00,1,1
70,710.00,1005,42162018.887885,-111062.865966,-58678.679696,0.000000,7546.000000,0.000000,1000.00,1,1
70,710.00,1006,42164258.647888,101733.670408,16895.974889,0.000000,7546.000000,0.000000,1000.00,1,2
70,710.00,1007,42164485.743801,-1925.103903,70916.253583,0.000000,7546.000000,0.000000,1000.00,0,2
70,710.00,1008,42164534.899584,80974.150883,-14965.706686,0.000000,7546.000000,0.000000,1000.00,1,2
71,720.00,1000,42170803.754343,-31685.121954,42464.883564,0.000000,7546.000000,0.000000,1000.00,0,0
71,720.00,1001,42157951.027386,-49433.173286,40234.439222,0.000000,7546.000000,0.000000,1000.00,0,0
71,720.00,1002,42163547.941037,38661.277429,-20282.329081,0.000000,7546.000000,0.000000,1000.00,1,0
71,720.00,1003,42172323.901360,40713.518388,32594.539415,0.000000,7546.000000,0.000000,1000.00,1,1
71,720.00,1004,42154326.011432,-77133.968811,-54415.263482,0.000000,7546.000000,0.000000,1000.00,1,1
71,720.00,1005,42162018.887885,-111062.865966,-58678.679696,0.000000,7546.000000,0.000000,1000.00,1,1
71,720.00,1006,42164258.647888,101733.670408,16895.974889,0.000000,7546.000000,0.000000,1000.00,1,2
71,720.00,1007,42164485.743801,-1925.103903,70916.253583,0.000000,7546.000000,0.000000,1000.00,0,2
71,720.00,1008,42164534.899584,80974.150883,-14965.706686,0.000000,7546.000000,0.000000,1000.00,1,2
72,730.00,1000,42170803.754343,-31685.121954,42464.883564,0.000000,7546.000000,0.000000,1000.00,0,0
72,730.00,1001,42157951.027386,-49433.173286,40234.439222,0.000000,7546.000000,0.000000,1000.00,0,0
72,730.00,1002,42163547.941037,38661.277429,-20282.329081,0.000000,7546.000000,0.000000,1000.00,1,0
72,730.00,1003,42172323.901360,40713.518388,32594.539415,0.000000,7546.000000,0.000000,1000.00,1,1
72,730.00,1004,42154326.011432,-77133.968811,-54415.263482,0.000000,7546.000000,0.000000,1000.00,1,1
72,730.00,1005,42162018.887885,-111062.865966,-58678.679696,0.000000,7546.000000,0.000000,1000.00,1,1
72,730.00,1006,42164258.647888,101733.670408,16895.974889,0.000000,7546.000000,0.000000,1000.00,1,2
72,730.00,1007,42164485.743801,-1925.103903,70916.253583,0.000000,7546.000000,0.000000,1000.00,0,2
72,730.00,1008,42164534.899584,80974.150883,-14965.706686,0.000000,7546.000000,0.000000,1000.00,1,2
73,740.00,1000,42170803.754343,-31685.121954,42464.883564,0.000000,7546.000000,0.000000,1000.00,0,0
73,740.00,1001,42157951.027386,-49433.173286,40234.439222,0.000000,7546.000000,0.000000,1000.00,0,0
73,740.00,1002,42163547.941037,38661.277429,-20282.329081,0.000000,7546.000000,0.000000,1000.00,1,0
73,740.00,1003,42172323.901360,40713.518388,32594.539415,0.000000,7546.000000,0.000000,1000.00,1,1
73,740.00,1004,42154326.011432,-77133.968811,-54415.263482,0.000000,7546.000000,0.000000,1000.00,1,1
73,740.00,1005,42162018.887885,-111062.865966,-58678.679696,0.000000,7546.000000,0.000000,1000.00,1,1
73,740.00,1006,42164258.647888,101733.670408,16895.974889,0.000000,7546.000000,0.000000,1000.00,1,2
73,740.00,1007,42164485.743801,-1925.103903,70916.253583,0.000000,7546.000000,0.000000,1000.00,0,2
73,740.00,1008,42164534.899584,80974.150883,-14965.706686,0.000000,7546.000000,0.000000,1000.00,1,2
74,750.00,1000,42170803.754343,-31685.121954,42464.883564,0.000000,7546.000000,0.000000,1000.00,0,0
74,750.00,1001,42157951.027386,-49433.173286,40234.439222,0.000000,7546.000000,0.000000,1000.00,0,0
74,750.00,1002,42163547.941037,38661.277429,-20282.329081,0.000000,7546.000000,0.000000,1000.00,1,0
74,750.00,1003,42172323.901360,40713.518388,32594.539415,0.000000,7546.000000,0.000000,1000.00,1,1
74,750.00,1004,42154326.011432,-77133.968811,-54415.263482,0.000000,7546.000000,0.000000,1000.00,1,1
74,750.00,1005,42162018.887885,-111062.865966,-58678.679696,0.000000,7546.000000,0.000000,1000.00,1,1
74,750.00,1006,42164258.647888,101733.670408,16895.974889,0.000000,7546.000000,0.000000,1000.00,1,2
74,750.00,1007,42164485.743801,-1925.103903,70916.253583,0.000000,7546.000000,0.000000,1000.00,0,2
74,750.00,1008,42164534.899584,80974.150883,-14965.706686,0.000000,7546.000000,0.000000,1000.00,1,2
75,760.00,1000,42170803.754343,-31685.121954,42464.883564,0.000000,7546.000000,0.000000,1000.00,0,0
75,760.00,1001,42157951.027386,-49433.173286,40234.439222,0.000000,7546.000000,0.000000,1000.00,0,0
75,760.00,1002,42163547.941037,38661.277429,-20282.329081,0.000000,7546.000000,0.000000,1000.00,1,0
75,760.00,1003,42172323.901360,40713.518388,32594.539415,0.000000,7546.000000,0.000000,1000.00,1,1
75,760.00,1004,42154326.011432,-77133.968811,-54415.263482,0.000000,7546.000000,0.000000,1000.00,1,1
75,760.00,1005,42162018.887885,-111062.865966,-58678.679696,0.000000,7546.000000,0.000000,1000.00,1,1
75,760.00,1006,42164258.647888,101733.670408,16895.974889,0.000000,7546.000000,0.000000,1000.00,1,2
75,760.00,1007,42164485.743801,-1925.103903,70916.253583,0.000000,7546.000000,0.000000,1000.00,0,2
75,760.00,1008,42164534.899584,80974.150883,-14965.706686,0.000000,7546.000000,0.000000,1000.00,1,2
76,770.00,1000,42170803.754343,-31685.121954,42464.883564,0.000000,7546.000000,0.000000,1000.00,0,0
76,770.00,1001,42157951.027386,-49433.173286,40234.439222,0.000000,7546.000000,0.000000,1000.00,0,0
76,770.00,1002,42163547.941037,38661.277429,-20282.329081,0.000000,7546.000000,0.000000,1000.00,1,0
76,770.00,1003,42172323.901360,40713.518388,32594.539415,0.000000,7546.000000,0.000000,1000.00,1,1
76,770.00,1004,42154326.011432,-77133.968811,-54415.263482,0.000000,7546.000000,0.000000,1000.00,1,1
76,770.00,1005,42162018.887885,-111062.865966,-58678.679696,0.000000,7546.000000,0.000000,1000.00,1,1
76,770.00,1006,42164258.647888,101733.670408,16895.974889,0.000000,7546.000000,0.000000,1000.00,1,2
76,770.00,1007,42164485.743801,-1925.103903,70916.253583,0.000000,7546.000000,0.000000,1000.00,0,2
76,770.00,1008,42164534.899584,80974.150883,-14965.706686,0.000000,7546.000000,0.000000,1000.00,1,2
77,780.00,1000,42170803.754343,-31685.121954,42464.883564,0.000000,7546.000000,0.000000,1000.00,0,0
77,780.00,1001,42157951.027386,-49433.173286,40234.439222,0.000000,7546.000000,0.000000,1000.00,0,0
77,780.00,1002,42163547.941037,38661.277429,-20282.329081,0.000000,7546.000000,0.000000,1000.00,1,0
77,780.00,1003,42172323.901360,40713.518388,32594.539415,0.000000,7546.000000,0.000000,1000.00,1,1
77,780.00,1004,42154326.011432,-77133.968811,-54415.263482,0.000000,7546.000000,0.000000,1000.00,1,1
77,780.00,1005,42162018.887885,-111062.865966,-58678.679696,0.000000,7546.000000,0.000000,1000.00,1,1
77,780.00,1006,42164258.647888,101733.670408,16895.974889,0.000000,7546.000000,0.000000,1000.00,1,2
77,780.00,1007,42164485.743801,-1925.103903,70916.253583,0.000000,7546.000000,0.000000,1000.00,0,2
77,780.00,1008,42164534.899584,80974.150883,-14965.706686,0.000000,7546.000000,0.000000,1000.00,1,2
78,790.00,1000,42170803.754343,-31685.121954,42464.883564,0.000000,7546.000000,0.000000,1000.00,0,0
78,790.00,1001,42157951.027386,-49433.173286,40234.439222,0.000000,7546.000000,0.000000,1000.00,0,0
78,790.00,1002,42163547.941037,38661.277429,-20282.329081,0.000000,7546.000000,0.000000,1000.00,1,0
78,790.00,1003,42172323.901360,40713.518388,32594.539415,0.000000,7546.000000,0.000000,1000.00,1,1
78,790.00,1004,42154326.011432,-77133.968811,-54415.263482,0.000000,7546.000000,0.000000,1000.00,1,1
78,790.00,1005,42162018.887885,-111062.865966,-58678.679696,0.000000,7546.000000,0.000000,1000.00,1,1
78,790.00,1006,42164258.647888,101733.670408,16895.974889,0.000000,7546.000000,0.000000,1000.00,1,2
78,790.00,1007,42164485.743801,-1925.103903,70916.253583,0.000000,7546.000000,0.000000,1000.00,0,2
78,790.00,1008,42164534.899584,80974.150883,-14965.706686,0.000000,7546.000000,0.000000,1000.00,1,2
79,800.00,1000,42170803.754343,-31685.121954,42464.883564,0.000000,7546.000000,0.000000,1000.00,0,0
79,800.00,1001,42157951.027386,-49433.173286,40234.439222,0.000000,7546.000000,0.000000,1000.00,0,0
79,800.00,1002,42163547.941037,38661.277429,-20282.329081,0.000000,7546.000000,0.000000,1000.00,1,0
79,800.00,1003,42172323.901360,40713.518388,32594.539415,0.000000,7546.000000,0.000000,1000.00,1,1
79,800.00,1004,42154326.011432,-77133.968811,-54415.263482,0.000000,7546.000000,0.000000,1000.00,1,1
79,800.00,1005,42162018.887885,-111062.865966,-58678.679696,0.000000,7546.000000,0.000000,1000.00,1,1
79,800.00,1006,42164258.647888,101733.670408,16895.974889,0.000000,7546.000000,0.000000,1000.00,1,2
79,800.00,1007,42164485.743801,-1925.103903,70916.253583,0.000000,7546.000000,0.000000,1000.00,0,2
79,800.00,1008,42164534.899584,80974.150883,-14965.706686,0.000000,7546.000000,0.000000,1000.00,1,2
80,810.00,1000,42170803.754343,-31685.121954,42464.883564,0.000000,7546.000000,0.000000,1000.00,0,0
80,810.00,1001,42157951.027386,-49433.173286,40234.439222,0.000000,7546.000000,0.000000,1000.00,0,0
80,810.00,1002,42163547.941037,38661.277429,-20282.329081,0.000000,7546.000000,0.000000,1000.00,1,0
80,810.00,1003,42172323.901360,40713.518388,32594.539415,0.000000,7546.000000,0.000000,1000.00,1,1
80,810.00,1004,42154326.011432,-77133.968811,-54415.263482,0.000000,7546.000000,0.000000,1000.00,1,1
80,810.00,1005,42162018.887885,-111062.865966,-58678.679696,0.000000,7546.000000,0.000000,1000.00,1,1
80,810.00,1006,42164258.647888,101733.670408,16895.974889,0.000000,7546.000000,0.000000,1000.00,1,2
80,810.00,1007,42164485.743801,-1925.103903,70916.253583,0.000000,7546.000000,0.000000,1000.00,0,2
80,810.00,1008,42164534.899584,80974.150883,-14965.706686,0.000000,7546.000000,0.000000,1000.00,1,2
81,820.00,1000,42170803.754343,-31685.121954,42464.883564,0.000000,7546.000000,0.000000,1000.00,0,0
81,820.00,1001,42157951.027386,-49433.173286,40234.439222,0.000000,7546.000000,0.000000,1000.00,0,0
81,820.00,1002,42163547.941037,38661.277429,-20282.329081,0.000000,7546.000000,0.000000,1000.00,1,0
81,820.00,1003,42172323.901360,40713.518388,32594.539415,0.000000,7546.000000,0.000000,1000.00,1,1
81,820.00,1004,42154326.011432,-77133.968811,-54415.263482,0.000000,7546.000000,0.000000,1000.00,1,1
81,820.00,1005,42162018.887885,-111062.865966,-58678.679696,0.000000,7546.000000,0.000000,1000.00,1,1
81,820.00,1006,42164258.647888,101733.670408,16895.974889,0.000000,7546.000000,0.000000,1000.00,1,2
81,820.00,1007,42164485.743801,-1925.103903,70916.253583,0.000000,7546.000000,0.000000,1000.00,0,2
81,820.00,1008,42164534.899584,80974.150883,-14965.706686,0.000000,7546.000000,0.000000,1000.00,1,2
82,830.00,1000,42170803.754343,-31685.121954,42464.883564,0.000000,7546.000000,0.000000,1000.00,0,0
82,830.00,1001,42157951.027386,-49433.173286,40234.439222,0.000000,7546.000000,0.000000,1000.00,0,0
82,830.00,1002,42163547.941037,38661.277429,-20282.329081,0.000000,7546.000000,0.000000,1000.00,1,0
82,830.00,1003,42172323.901360,40713.518388,32594.539415,0.000000,7546.000000,0.000000,1000.00,1,1
82,830.00,1004,42154326.011432,-77133.968811,-54415.263482,0.000000,7546.000000,0.000000,1000.00,1,1
82,830.00,1005,42162018.887885,-111062.865966,-58678.679696,0.000000,7546.000000,0.000000,1000.00,1,1
82,830.00,1006,42164258.647888,101733.670408,16895.974889,0.000000,7546.000000,0.000000,1000.00,1,2
82,830.00,1007,42164485.743801,-1925.103903,70916.253583,0.000000,7546.000000,0.000000,1000.00,0,2
82,830.00,1008,42164534.899584,80974.150883,-14965.706686,0.000000,7546.000000,0.000000,1000.00,1,2
83,840.00,1000,42170803.754343,-31685.121954,42464.883564,0.000000,7546.000000,0.000000,1000.00,0,0
83,840.00,1001,42157951.027386,-49433.173286,40234.439222,0.000000,7546.000000,0.000000,1000.00,0,0
83,840.00,1002,42163547.941037,38661.277429,-20282.329081,0.000000,7546.000000,0.000000,1000.00,1,0
83,840.00,1003,42172323.901360,40713.518388,32594.539415,0.000000,7546.000000,0.000000,1000.00,1,1
83,840.00,1004,42154326.011432,-77133.968811,-54415.263482,0.000000,7546.000000,0.000000,1000.00,1,1
83,840.00,1005,42162018.887885,-111062.865966,-58678.679696,0.000000,7546.000000,0.000000,1000.00,1,1
83,840.00,1006,42164258.647888,101733.670408,16895.974889,0.000000,7546.000000,0.000000,1000.00,1,2
83,840.00,1007,42164485.743801,-1925.103903,70916.253583,0.000000,7546.000000,0.000000,1000.00,0,2
83,840.00,1008,42164534.899584,80974.150883,-14965.706686,0.000000,7546.000000,0.000000,1000.00,1,2
84,850.00,1000,42170803.754343,-31685.121954,42464.883564,0.000000,7546.000000,0.000000,1000.00,0,0
84,850.00,1001,42157951.027386,-49433.173286,40234.439222,0.000000,7546.000000,0.000000,1000.00,0,0
84,850.00,1002,42163547.941037,38661.277429,-20282.329081,0.000000,7546.000000,0.000000,1000.00,1,0
84,850.00,1003,42172323.901360,40713.518388,32594.539415,0.000000,7546.000000,0.000000,1000.00,1,1
84,850.00,1004,42154326.011432,-77133.968811,-54415.263482,0.000000,7546.000000,0.000000,1000.00,1,1
84,850.00,1005,42162018.887885,-111062.865966,-58678.679696,0.000000,7546.000000,0.000000,1000.00,1,1
84,850.00,1006,42164258.647888,101733.670408,16895.974889,0.000000,7546.000000,0.000000,1000.00,1,2
84,850.00,1007,42164485.743801,-1925.103903,70916.253583,0.000000,7546.000000,0.000000,1000.00,0,2
84,850.00,1008,42164534.899584,80974.150883,-14965.706686,0.000000,7546.000000,0.000000,1000.00,1,2
85,860.00,1000,42170803.754343,-31685.121954,42464.883564,0.000000,7546.000000,0.000000,1000.00,0,0
85,860.00,1001,42157951.027386,-49433.173286,40234.439222,0.000000,7546.000000,0.000000,1000.00,0,0
85,860.00,1002,42163547.941037,38661.277429,-20282.329081,0.000000,7546.000000,0.000000,1000.00,1,0
85,860.00,1003,42172323.901360,40713.518388,32594.539415,0.000000,7546.000000,0.000000,1000.00,1,1
85,860.00,1004,42154326.011432,-77133.968811,-54415.263482,0.000000,7546.000000,0.000000,1000.00,1,1
85,860.00,1005,42162018.887885,-111062.865966,-58678.679696,0.000000,7546.000000,0.000000,1000.00,1,1
85,860.00,1006,42164258.647888,101733.670408,16895.974889,0.000000,7546.000000,0.000000,1000.00,1,2
85,860.00,1007,42164485.743801,-1925.103903,70916.253583,0.000000,7546.000000,0.000000,1000.00,0,2
85,860.00,1008,42164534.899584,80974.150883,-14965.706686,0.000000,7546.000000,0.000000,1000.00,1,2
86,870.00,1000,42170803.754343,-31685.121954,42464.883564,0.000000,7546.000000,0.000000,1000.00,0,0
86,870.00,1001,42157951.027386,-49433.173286,40234.439222,0.000000,7546.000000,0.000000,1000.00,0,0
86,870.00,1002,42163547.941037,38661.277429,-20282.329081,0.000000,7546.000000,0.000000,1000.00,1,0
86,870.00,1003,42172323.901360,40713.518388,32594.539415,0.000000,7546.000000,0.000000,1000.00,1,1
86,870.00,1004,42154326.011432,-77133.968811,-54415.263482,0.000000,7546.000000,0.000000,1000.00,1,1
86,870.00,1005,42162018.887885,-111062.865966,-58678.679696,0.000000,7546.000000,0.000000,1000.00,1,1
86,870.00,1006,42164258.647888,101733.670408,16895.974889,0.000000,7546.000000,0.000000,1000.00,1,2
86,870.00,1007,42164485.743801,-1925.103903,70916.253583,0.000000,7546.000000,0.000000,1000.00,0,2
86,870.00,1008,42164534.899584,80974.150883,-14965.706686,0.000000,7546.000000,0.000000,1000.00,1,2
87,880.00,1000,42170803.754343,-31685.121954,42464.883564,0.000000,7546.000000,0.000000,1000.00,0,0
87,880.00,1001,42157951.027386,-49433.173286,40234.439222,0.000000,7546.000000,0.000000,1000.00,0,0
87,880.00,1002,42163547.941037,38661.277429,-20282.329081,0.000000,7546.000000,0.000000,1000.00,1,0
87,880.00,1003,42172323.901360,40713.518388,32594.539415,0.000000,7546.000000,0.000000,1000.00,1,1
87,880.00,1004,42154326.011432,-77133.968811,-54415.263482,0.000000,7546.000000,0.000000,1000.00,1,1
87,880.00,1005,42162018.887885,-111062.865966,-58678.679696,0.000000,7546.000000,0.000000,1000.00,1,1
87,880.00,1006,42164258.647888,101733.670408,16895.974889,0.000000,7546.000000,0.000000,1000.00,1,2
87,880.00,1007,42164485.743801,-1925.103903,70916.253583,0.000000,7546.000000,0.000000,1000.00,0,2
87,880.00,1008,42164534.899584,80974.150883,-14965.706686,0.000000,7546.000000,0.000000,1000.00,1,2
88,890.00,1000,42170803.754343,-31685.121954,42464.883564,0.000000,7546.000000,0.000000,1000.00,0,0
88,890.00,1001,42157951.027386,-49433.173286,40234.439222,0.000000,7546.000000,0.000000,1000.00,0,0
88,890.00,1002,42163547.941037,38661.277429,-20282.329081,0.000000,7546.000000,0.000000,1000.00,1,0
88,890.00,1003,42172323.901360,40713.518388,32594.539415,0.000000,7546.000000,0.000000,1000.00,1,1
88,890.00,1004,42154326.011432,-77133.968811,-54415.263482,0.000000,7546.000000,0.000000,1000.00,1,1
88,890.00,1005,42162018.887885,-111062.865966,-58678.679696,0.000000,7546.000000,0.000000,1000.00,1,1
88,890.00,1006,42164258.647888,101733.670408,16895.974889,0.000000,7546.000000,0.000000,1000.00,1,2
88,890.00,1007,42164485.743801,-1925.103903,70916.253583,0.000000,7546.000000,0.000000,1000.00,0,2
88,890.00,1008,42164534.899584,80974.150883,-14965.706686,0.000000,7546.000000,0.000000,1000.00,1,2
89,900.00,1000,42170803.754343,-31685.121954,42464.883564,0.000000,7546.000000,0.000000,1000.00,0,0
89,900.00,1001,42157951.027386,-49433.173286,40234.439222,0.000000,7546.000000,0.000000,1000.00,0,0
89,900.00,1002,42163547.941037,38661.277429,-20282.329081,0.000000,7546.000000,0.000000,1000.00,1,0
89,900.00,1003,42172323.901360,40713.518388,32594.539415,0.000000,7546.000000,0.000000,1000.00,1,1
89,900.00,1004,42154326.011432,-77133.968811,-54415.263482,0.000000,7546.000000,0.000000,1000.00,1,1
89,900.00,1005,42162018.887885,-111062.865966,-58678.679696,0.000000,7546.000000,0.000000,1000.00,1,1
89,900.00,1006,42164258.647888,101733.670408,16895.974889,0.000000,7546.000000,0.000000,1000.00,1,2
89,900.00,1007,42164485.743801,-1925.103903,70916.253583,0.000000,7546.000000,0.000000,1000.00,0,2
89,900.00,1008,42164534.899584,80974.150883,-14965.706686,0.000000,7546.000000,0.000000,1000.00,1,2
90,910.00,1000,42170803.754343,-31685.121954,42464.883564,0.000000,7546.000000,0.000000,1000.00,0,0
90,910.00,1001,42157951.027386,-49433.173286,40234.439222,0.000000,7546.000000,0.000000,1000.00,0,0
90,910.00,1002,42163547.941037,38661.277429,-20282.329081,0.000000,7546.000000,0.000000,1000.00,1,0
90,910.00,1003,42172323.901360,40713.518388,32594.539415,0.000000,7546.000000,0.000000,1000.00,1,1
90,910.00,1004,42154326.011432,-77133.968811,-54415.263482,0.000000,7546.000000,0.000000,1000.00,1,1
90,910.00,1005,42162018.887885,-111062.865966,-58678.679696,0.000000,7546.000000,0.000000,1000.00,1,1
90,910.00,1006,42164258.647888,101733.670408,16895.974889,0.000000,7546.000000,0.000000,1000.00,1,2
90,910.00,1007,42164485.743801,-1925.103903,70916.253583,0.000000,7546.000000,0.000000,1000.00,0,2
90,910.00,1008,42164534.899584,80974.150883,-14965.706686,0.000000,7546.000000,0.000000,1000.00,1,2
91,920.00,1000,42170803.754343,-31685.121954,42464.883564,0.000000,7546.000000,0.000000,1000.00,0,0
91,920.00,1001,42157951.027386,-49433.173286,40234.439222,0.000000,7546.000000,0.000000,1000.00,0,0
91,920.00,1002,42163547.941037,38661.277429,-20282.329081,0.000000,7546.000000,0.000000,1000.00,1,0
91,920.00,1003,42172323.901360,40713.518388,32594.539415,0.000000,7546.000000,0.000000,1000.00,1,1
91,920.00,1004,42154326.011432,-77133.968811,-54415.263482,0.000000,7546.000000,0.000000,1000.00,1,1
91,920.00,1005,42162018.887885,-111062.865966,-58678.679696,0.000000,7546.000000,0.000000,1000.00,1,1
91,920.00,1006,42164258.647888,101733.670408,16895.974889,0.000000,7546.000000,0.000000,1000.00,1,2
91,920.00,1007,42164485.743801,-1925.103903,70916.253583,0.000000,7546.000000,0.000000,1000.00,0,2
91,920.00,1008,42164534.899584,80974.150883,-14965.706686,0.000000,7546.000000,0.000000,1000.00,1,2
92,930.00,1000,42170803.754343,-31685.121954,42464.883564,0.000000,7546.000000,0.000000,1000.00,0,0
92,930.00,1001,42157951.027386,-49433.173286,40234.439222,0.000000,7546.000000,0.000000,1000.00,0,0
92,930.00,1002,42163547.941037,38661.277429,-20282.329081,0.000000,7546.000000,0.000000,1000.00,1,0
92,930.00,1003,42172323.901360,40713.518388,32594.539415,0.000000,7546.000000,0.000000,1000.00,1,1
92,930.00,1004,42154326.011432,-77133.968811,-54415.263482,0.000000,7546.000000,0.000000,1000.00,1,1
92,930.00,1005,42162018.887885,-111062.865966,-58678.679696,0.000000,7546.000000,0.000000,1000.00,1,1
92,930.00,1006,42164258.647888,101733.670408,16895.974889,0.000000,7546.000000,0.000000,1000.00,1,2
92,930.00,1007,42164485.743801,-1925.103903,70916.253583,0.000000,7546.000000,0.000000,1000.00,0,2
92,930.00,1008,42164534.899584,80974.150883,-14965.706686,0.000000,7546.000000,0.000000,1000.00,1,2
93,940.00,1000,42170803.754343,-31685.121954,42464.883564,0.000000,7546.000000,0.000000,1000.00,0,0
93,940.00,1001,42157951.027386,-49433.173286,40234.439222,0.000000,7546.000000,0.000000,1000.00,0,0
93,940.00,1002,42163547.941037,38661.277429,-20282.329081,0.000000,7546.000000,0.000000,1000.00,1,0
93,940.00,1003,42172323.901360,40713.518388,32594.539415,0.000000,7546.000000,0.000000,1000.00,1,1
93,940.00,1004,42154326.011432,-77133.968811,-54415.263482,0.000000,7546.000000,0.000000,1000.00,1,1
93,940.00,1005,42162018.887885,-111062.865966,-58678.679696,0.000000,7546.000000,0.000000,1000.00,1,1
93,940.00,1006,42164258.647888,101733.670408,16895.974889,0.000000,7546.000000,0.000000,1000.00,1,2
93,940.00,1007,42164485.743801,-1925.103903,70916.253583,0.000000,7546.000000,0.000000,1000.00,0,2
93,940.00,1008,42164534.899584,80974.150883,-14965.706686,0.000000,7546.000000,0.000000,1000.00,1,2
94,950.00,1000,42170803.754343,-31685.121954,42464.883564,0.000000,7546.000000,0.000000,1000.00,0,0
94,950.00,1001,42157951.027386,-49433.173286,40234.439222,0.000000,7546.000000,0.000000,1000.00,0,0
94,950.00,1002,42163547.941037,38661.277429,-20282.329081,0.000000,7546.000000,0.000000,1000.00,1,0
94,950.00,1003,42172323.901360,40713.518388,32594.539415,0.000000,7546.000000,0.000000,1000.00,1,1
94,950.00,1004,42154326.011432,-77133.968811,-54415.263482,0.000000,7546.000000,0.000000,1000.00,1,1
94,950.00,1005,42162018.887885,-111062.865966,-58678.679696,0.000000,7546.000000,0.000000,1000.00,1,1
94,950.00,1006,42164258.647888,101733.670408,16895.974889,0.000000,7546.000000,0.000000,1000.00,1,2
94,950.00,1007,42164485.743801,-1925.103903,70916.253583,0.000000,7546.000000,0.000000,1000.00,0,2
94,950.00,1008,42164534.899584,80974.150883,-14965.706686,0.000000,7546.000000,0.000000,1000.00,1,2
95,960.00,1000,42170803.754343,-31685.121954,42464.883564,0.000000,7546.000000,0.000000,1000.00,0,0
95,960.00,1001,42157951.027386,-49433.173286,40234.439222,0.000000,7546.000000,0.000000,1000.00,0,0
95,960.00,1002,42163547.941037,38661.277429,-20282.329081,0.000000,7546.000000,0.000000,1000.00,1,0
95,960.00,1003,42172323.901360,40713.518388,32594.539415,0.000000,7546.000000,0.000000,1000.00,1,1
95,960.00,1004,42154326.011432,-77133.968811,-54415.263482,0.000000,7546.000000,0.000000,1000.00,1,1
95,960.00,1005,42162018.887885,-111062.865966,-58678.679696,0.000000,7546.000000,0.000000,1000.00,1,1
95,960.00,1006,42164258.647888,101733.670408,16895.974889,0.000000,7546.000000,0.000000,1000.00,1,2
95,960.00,1007,42164485.743801,-1925.103903,70916.253583,0.000000,7546.000000,0.000000,1000.00,0,2
95,960.00,1008,42164534.899584,80974.150883,-14965.706686,0.000000,7546.000000,0.000000,1000.00,1,2
96,970.00,1000,42170803.754343,-31685.121954,42464.883564,0.000000,7546.000000,0.000000,1000.00,0,0
96,970.00,1001,42157951.027386,-49433.173286,40234.439222,0.000000,7546.000000,0.000000,1000.00,0,0
96,970.00,1002,42163547.941037,38661.277429,-20282.329081,0.000000,7546.000000,0.000000,1000.00,1,0
96,970.00,1003,42172323.901360,40713.518388,32594.539415,0.000000,7546.000000,0.000000,1000.00,1,1
96,970.00,1004,42154326.011432,-77133.968811,-54415.263482,0.000000,7546.000000,0.000000,1000.00,1,1
96,970.00,1005,42162018.887885,-111062.865966,-58678.679696,0.000000,7546.000000,0.000000,1000.00,1,1
96,970.00,1006,42164258.647888,101733.670408,16895.974889,0.000000,7546.000000,0.000000,1000.00,1,2
96,970.00,1007,42164485.743801,-1925.103903,70916.253583,0.000000,7546.000000,0.000000,1000.00,0,2
96,970.00,1008,42164534.899584,80974.150883,-14965.706686,0.000000,7546.000000,0.000000,1000.00,1,2
97,980.00,1000,42170803.754343,-31685.121954,42464.883564,0.000000,7546.000000,0.000000,1000.00,0,0
97,980.00,1001,42157951.027386,-49433.173286,40234.439222,0.000000,7546.000000,0.000000,1000.00,0,0
97,980.00,1002,42163547.941037,38661.277429,-20282.329081,0.000000,7546.000000,0.000000,1000.00,1,0
97,980.00,1003,42172323.901360,40713.518388,32594.539415,0.000000,7546.000000,0.000000,1000.00,1,1
97,980.00,1004,42154326.011432,-77133.968811,-54415.263482,0.000000,7546.000000,0.000000,1000.00,1,1
97,980.00,1005,42162018.887885,-111062.865966,-58678.679696,0.000000,7546.000000,0.000000,1000.00,1,1
97,980.00,1006,42164258.647888,101733.670408,16895.974889,0.000000,7546.000000,0.000000,1000.00,1,2
97,980.00,1007,42164485.743801,-1925.103903,70916.253583,0.000000,7546.000000,0.000000,1000.00,0,2
97,980.00,1008,42164534.899584,80974.150883,-14965.706686,0.000000,7546.000000,0.000000,1000.00,1,2
98,990.00,1000,42170803.754343,-31685.121954,42464.883564,0.000000,7546.000000,0.000000,1000.00,0,0
98,990.00,1001,42157951.027386,-49433.173286,40234.439222,0.000000,7546.000000,0.000000,1000.00,0,0
98,990.00,1002,42163547.941037,38661.277429,-20282.329081,0.000000,7546.000000,0.000000,1000.00,1,0
98,990.00,1003,42172323.901360,40713.518388,32594.539415,0.000000,7546.000000,0.000000,1000.00,1,1
98,990.00,1004,42154326.011432,-77133.968811,-54415.263482,0.000000,7546.000000,0.000000,1000.00,1,1
98,990.00,1005,42162018.887885,-111062.865966,-58678.679696,0.000000,7546.000000,0.000000,1000.00,1,1
98,990.00,1006,42164258.647888,101733.670408,16895.974889,0.000000,7546.000000,0.000000,1000.00,1,2
98,990.00,1007,42164485.743801,-1925.103903,70916.253583,0.000000,7546.000000,0.000000,1000.00,0,2
98,990.00,1008,42164534.899584,80974.150883,-14965.706686,0.000000,7546.000000,0.000000,1000.00,1,2
99,1000.00,1000,42170803.754343,-31685.121954,42464.883564,0.000000,7546.000000,0.000000,1000.00,0,0
99,1000.00,1001,42157951.027386,-49433.173286,40234.439222,0.000000,7546.000000,0.000000,1000.00,0,0
99,1000.00,1002,42163547.941037,38661.277429,-20282.329081,0.000000,7546.000000,0.000000,1000.00,1,0
99,1000.00,1003,42172323.901360,40713.518388,32594.539415,0.000000,7546.000000,0.000000,1000.00,1,1
99,1000.00,1004,42154326.011432,-77133.968811,-54415.263482,0.000000,7546.000000,0.000000,1000.00,1,1
99,1000.00,1005,42162018.887885,-111062.865966,-58678.679696,0.000000,7546.000000,0.000000,1000.00,1,1
99,1000.00,1006,42164258.647888,101733.670408,16895.974889,0.000000,7546.000000,0.000000,1000.00,1,2
99,1000.00,1007,42164485.743801,-1925.103903,70916.253583,0.000000,7546.000000,0.000000,1000.00,0,2
99,1000.00,1008,42164534.899584,80974.150883,-14965.706686,0.000000,7546.000000,0.000000,1000.00,1,2
